{
    "@class": "com.kony.gen.viz.model.component.KVizButton",
    "DNDConfig": null,
    "__parentReadjusting__": false,
    "_height_": {
        "type": "string",
        "value": "9%"
    },
    "_left_": {
        "type": "string",
        "value": "25%"
    },
    "_margin_": [
        6,
        6,
        6,
        6
    ],
    "_padding_": [
        0,
        0,
        0,
        0
    ],
    "_skin_": "s2826fd8b3a5405dabd8522b7439d841",
    "_text_": "Dynamic Event",
    "_top_": {
        "type": "string",
        "value": "45%"
    },
    "_width_": {
        "type": "string",
        "value": "50%"
    },
    "canUpdateUI": true,
    "containerweight": 100,
    "contentalignment": 5,
    "displaytext": true,
    "focusskin": "s08aa83f35494ad5905c5db41ce1774a",
    "id": "btnDynamicEvent",
    "ide_onClick": "AS_Button_76c6de776edb4848b2e90c164eb13126",
    "info": null,
    "isvisible": true,
    "kuid": "a8ce9ec7663745e69794b49074dee3ad",
    "name": "kony.ui.Button",
    "parent": "frmVideoEvents",
    "pf": "frmVideoEvents",
    "wType": "Button",
    "zindex": 1
}