{
    "@class": "com.kony.gen.viz.model.container.KVizScrollFlexForm",
    "DNDConfig": null,
    "_headers_": [
        {
            "DNDConfig": null,
            "Label029432494224144": {
                "@class": "com.kony.gen.viz.model.component.KVizLabel",
                "DNDConfig": null,
                "__parentReadjusting__": false,
                "_height_": {
                    "type": "string",
                    "value": "100%"
                },
                "_left_": {
                    "type": "string",
                    "value": "15%"
                },
                "_margin_": [
                    1,
                    1,
                    1,
                    1
                ],
                "_padding_": [
                    2,
                    0,
                    0,
                    0
                ],
                "_skin_": "s257151da8e140e293a2855e3eb10f3e",
                "_text_": "Video Events",
                "_top_": {
                    "type": "string",
                    "value": "0%"
                },
                "_width_": {
                    "type": "string",
                    "value": "85%"
                },
                "_wrapping_": 2,
                "android": {
                    "textStyle": {
                        "letterSpacing": 0,
                        "strikeThrough": false
                    }
                },
                "canUpdateUI": true,
                "containerweight": 100,
                "contentalignment": 4,
                "id": "Label029432494224144",
                "info": null,
                "ipad": {
                    "psp": {
                        "wrapping": 2
                    }
                },
                "iphone": {
                    "psp": {
                        "wrapping": 2
                    }
                },
                "isvisible": true,
                "kuid": "8933580a73134609a1d27d9c96d361d9",
                "name": "kony.ui.Label",
                "paddinginpixel": false,
                "parent": "flxVideoEvents",
                "pf": "tmpVideoEvents",
                "tooltip": "",
                "undoPropsStorage": {},
                "wType": "Label"
            },
            "_height_": {
                "type": "string",
                "value": "10%"
            },
            "_margin_": [
                0,
                0,
                0,
                0
            ],
            "_orientation_": 6,
            "_padding_": [
                0,
                0,
                0,
                0
            ],
            "_percent_": true,
            "_skin_": "sd59dfdf349a4ddfa32b0cbe302f497a",
            "allboxes": [],
            "autogrowmode": 0,
            "canUpdateUI": true,
            "children": [
                "Label029432494224144",
                "flxBack"
            ],
            "clipbounds": true,
            "containerId": true,
            "containerweight": 100,
            "enablescrolling": true,
            "flxBack": {
                "DNDConfig": null,
                "Image03e3ed25a15264b": {
                    "@class": "com.kony.gen.viz.model.component.KVizImage2",
                    "DNDConfig": null,
                    "__parentReadjusting__": false,
                    "_base64_": null,
                    "_height_": {
                        "type": "string",
                        "value": "100%"
                    },
                    "_left_": {
                        "type": "string",
                        "value": "0%"
                    },
                    "_margin_": [
                        0,
                        0,
                        0,
                        0
                    ],
                    "_padding_": [
                        0,
                        0,
                        0,
                        0
                    ],
                    "_skin_": "sef8acc1fba847bb974fabf1e4daf92c",
                    "_src_": "imagedrag.png",
                    "_top_": {
                        "type": "string",
                        "value": "0%"
                    },
                    "_width_": {
                        "type": "string",
                        "value": "100%"
                    },
                    "canUpdateUI": true,
                    "containerweight": 100,
                    "context": {
                        "channel": "mobile",
                        "formID": "frmVideoEvents_header",
                        "platform": "android",
                        "templateType": "headers",
                        "topLevelBox": false
                    },
                    "id": "Image03e3ed25a15264b",
                    "imagescalemode": 1,
                    "info": null,
                    "isvisible": true,
                    "kuid": "b4d24e2535cf4ab5ae5dbffeb72104d1",
                    "name": "kony.ui.Image2",
                    "parent": "flxBack",
                    "pf": "tmpVideoEvents",
                    "srcType": 1,
                    "wType": "Image",
                    "widgetalignment": 5
                },
                "__parentReadjusting__": false,
                "_height_": {
                    "type": "string",
                    "value": "100%"
                },
                "_left_": {
                    "type": "string",
                    "value": "0%"
                },
                "_margin_": [
                    0,
                    0,
                    0,
                    0
                ],
                "_orientation_": 6,
                "_padding_": [
                    0,
                    0,
                    0,
                    0
                ],
                "_percent_": true,
                "_skin_": "s0247eefb1dd4ff3ba64b6e13af3bd8f",
                "_top_": {
                    "type": "string",
                    "value": "0%"
                },
                "_width_": {
                    "type": "string",
                    "value": "15%"
                },
                "allboxes": [],
                "autogrowmode": 0,
                "canUpdateUI": true,
                "children": [
                    "Image03e3ed25a15264b"
                ],
                "clipbounds": true,
                "containerweight": 100,
                "enablescrolling": true,
                "id": "flxBack",
                "info": null,
                "isvisible": true,
                "kuid": "0faf4ede27814410819a2bc515a06552",
                "layouttype": 2,
                "name": "kony.ui.FlexContainer",
                "parent": "flxVideoEvents",
                "pf": "tmpVideoEvents",
                "snapgridsize": 10,
                "snaptogrid": true,
                "wType": "FlexContainer",
                "widgetalignment": 1,
                "zindex": 1
            },
            "id": "flxVideoEvents",
            "info": null,
            "isvisible": true,
            "kuid": "0189c2429a7d41dba2859b99251eb33b",
            "layouttype": 2,
            "name": "kony.ui.FlexContainer",
            "parent": "tmpVideoEvents",
            "pf": "tmpVideoEvents",
            "snapgridsize": 10,
            "snaptogrid": true,
            "wType": "FlexContainer",
            "widgetalignment": 1
        }
    ],
    "_margin_": [
        0,
        0,
        0,
        0
    ],
    "_orientation_": 1,
    "_padding_": [
        0,
        0,
        0,
        0
    ],
    "_percent_": true,
    "_skin_": "sded4aa2fbed4dd599e5529133a42ed7",
    "_title_": "Video Events",
    "addWidgetsdone": false,
    "allboxes": [],
    "android": {
        "needAppMenu": false,
        "titleBar": false
    },
    "canUpdateUI": true,
    "children": [
        "btnDynamicEvent",
        "FlexContainer07eeee647c63b49"
    ],
    "containerweight": 100,
    "currentLocale": null,
    "desktopweb": {
        "needAppMenu": false
    },
    "device": "iPhone6",
    "displayorientation": 1,
    "enabledforidletimeout": false,
    "header": "frmVideoEvents_header",
    "headersId": "48679077120e4b978d52a3758979f527",
    "id": "frmVideoEvents",
    "info": null,
    "initdone": false,
    "inputaccessoryviewtype": 4,
    "invokedProperty": "headers",
    "ipad": {
        "psp": {
            "inputAccessoryViewType": 4
        }
    },
    "iphone": {
        "needAppMenu": false,
        "psp": {
            "inputAccessoryViewType": 4,
            "titleBarConfig": {
                "buttonClosureLeftSideView": "",
                "buttonClosureRightSideView": "",
                "buttonText": "Edit",
                "imageLeftSideView": "back.png",
                "leftButtonText": "",
                "leftTitle": "Back",
                "prevFormTitle": false,
                "renderTitleText": true,
                "rightTitle": "Edit",
                "titleBarLeftSideView": "button",
                "titleBarRightSideView": "none",
                "titleClosureLeftSideView": "",
                "titleClosureRightSideView": "",
                "visible": true
            }
        },
        "titleBar": true
    },
    "isvisible": true,
    "kuid": "b646904d3aef40728b147cf571c944c2",
    "layouttype": 2,
    "name": "kony.ui.Form2",
    "needappmenu": true,
    "paddinginpixel": false,
    "platform": "iphone",
    "prevDevice": "GalaxyS5",
    "prevPlatform": "android",
    "retainscrollposition": false,
    "shellCSS": "iOS_iPhone6",
    "snapgridsize": 10,
    "snaptogrid": true,
    "spaan": {
        "needAppMenu": false
    },
    "spabb": {
        "needAppMenu": false
    },
    "spaip": {
        "needAppMenu": false
    },
    "spawinphone8": {
        "needAppMenu": false
    },
    "titleBarSkin": "sd78615f699a4dabbd934f75e8fcd358",
    "titlebar": true,
    "type": 3,
    "wType": "Form",
    "winphone8": {
        "needAppMenu": false
    }
}