{
    "@class": "com.kony.gen.viz.model.container.KVizScrollFlexForm",
    "DNDConfig": null,
    "_headers_": [
        null
    ],
    "_margin_": [
        0,
        0,
        0,
        0
    ],
    "_orientation_": 1,
    "_padding_": [
        0,
        0,
        0,
        0
    ],
    "_percent_": true,
    "_skin_": "sded4aa2fbed4dd599e5529133a42ed7",
    "_title_": "Video Events",
    "addWidgetsdone": false,
    "allboxes": [],
    "android": {
        "needAppMenu": false,
        "titleBar": false
    },
    "canUpdateUI": true,
    "children": [
        "btnDynamicEvent",
        "FlexContainer07eeee647c63b49"
    ],
    "containerweight": 100,
    "currentLocale": null,
    "desktopweb": {
        "needAppMenu": false
    },
    "device": "iPhone6",
    "displayorientation": 1,
    "enabledforidletimeout": false,
    "header": "frmVideoEvents_header",
    "headersId": "48679077120e4b978d52a3758979f527",
    "id": "frmVideoEvents",
    "info": null,
    "initdone": false,
    "inputaccessoryviewtype": 4,
    "invokedProperty": "headers",
    "ipad": {
        "psp": {
            "inputAccessoryViewType": 4
        }
    },
    "iphone": {
        "needAppMenu": false,
        "psp": {
            "inputAccessoryViewType": 4,
            "titleBarConfig": {
                "buttonClosureLeftSideView": "",
                "buttonClosureRightSideView": "",
                "buttonText": "Edit",
                "imageLeftSideView": "back.png",
                "leftButtonText": "",
                "leftTitle": "Back",
                "prevFormTitle": false,
                "renderTitleText": true,
                "rightTitle": "Edit",
                "titleBarLeftSideView": "button",
                "titleBarRightSideView": "none",
                "titleClosureLeftSideView": "",
                "titleClosureRightSideView": "",
                "visible": true
            }
        },
        "titleBar": true
    },
    "isvisible": true,
    "kuid": "b646904d3aef40728b147cf571c944c2",
    "layouttype": 2,
    "name": "kony.ui.Form2",
    "needappmenu": true,
    "paddinginpixel": false,
    "platform": "iphone",
    "prevDevice": "GalaxyS5",
    "prevPlatform": "android",
    "retainscrollposition": false,
    "shellCSS": "iOS_iPhone6",
    "snapgridsize": 10,
    "snaptogrid": true,
    "spaan": {
        "needAppMenu": false
    },
    "spabb": {
        "needAppMenu": false
    },
    "spaip": {
        "needAppMenu": false
    },
    "spawinphone8": {
        "needAppMenu": false
    },
    "titleBarSkin": "sd78615f699a4dabbd934f75e8fcd358",
    "titlebar": true,
    "type": 3,
    "wType": "Form",
    "winphone8": {
        "needAppMenu": false
    }
}