{
    "@class": "com.kony.gen.viz.model.component.KVizVideo",
    "DNDConfig": null,
    "__parentReadjusting__": false,
    "_controls_": true,
    "_height_": {
        "type": "string",
        "value": "40%"
    },
    "_left_": {
        "type": "string",
        "value": "0%"
    },
    "_margin_": [
        0,
        0,
        0,
        0
    ],
    "_padding_": [
        0,
        0,
        0,
        0
    ],
    "_poster_": "defvideoposter.png",
    "_skin_": "s70de28f5aea455189a7e9279363c33f",
    "_source_": {},
    "_text_": "Video",
    "_top_": {
        "type": "string",
        "value": "0%"
    },
    "_volume_": 1,
    "_width_": {
        "type": "string",
        "value": "100%"
    },
    "android": {
        "render": false
    },
    "canUpdateUI": true,
    "containerweight": 100,
    "desktopweb": {
        "psp": {
            "render": true
        }
    },
    "id": "video3",
    "info": null,
    "iphone": {
        "render": false
    },
    "isvisible": true,
    "kiosk": {
        "render": false
    },
    "kuid": "45630e0fee8141e1a3c86d774c429ba8",
    "mp4": "",
    "name": "kony.ui.Video",
    "parent": "FlexContainer07eeee647c63b49",
    "pf": "frmVideoEvents",
    "spa": {
        "psp": {
            "render": true
        }
    },
    "wType": "Video",
    "watchos": {
        "render": false
    },
    "windows8": {
        "render": false
    },
    "winphone8": {
        "render": false
    },
    "zindex": 1
}