{
    "DNDConfig": null,
    "_height_": {
        "type": "string",
        "value": "8%"
    },
    "_margin_": [
        0,
        0,
        0,
        0
    ],
    "_orientation_": 6,
    "_padding_": [
        0,
        0,
        0,
        0
    ],
    "_percent_": true,
    "_render_": true,
    "_skin_": "sd59dfdf349a4ddfa32b0cbe302f497a",
    "allboxes": [],
    "android": {
        "render": true
    },
    "autogrowmode": 0,
    "canUpdateUI": true,
    "children": [
        "Label029432494224144",
        "flxBack"
    ],
    "clipbounds": true,
    "containerId": true,
    "containerweight": 100,
    "enablescrolling": true,
    "id": "flxVideoVisibility",
    "info": null,
    "iphone": {
        "render": false
    },
    "isvisible": true,
    "kuid": "2081302546d84d9ea4bbcf23d875ae20",
    "layouttype": 2,
    "name": "kony.ui.FlexContainer",
    "parent": "tmpVideoVisisbility",
    "pf": "tmpVideoVisisbility",
    "snapgridsize": 10,
    "snaptogrid": true,
    "spaan": {
        "render": true
    },
    "spabb": {
        "render": true
    },
    "spaip": {
        "render": true
    },
    "spawinphone8": {
        "render": true
    },
    "wType": "FlexContainer",
    "widgetalignment": 1,
    "winphone8": {
        "render": true
    }
}