{
    "@class": "com.kony.gen.viz.model.component.KVizImage2",
    "DNDConfig": null,
    "__parentReadjusting__": false,
    "_base64_": null,
    "_height_": {
        "type": "string",
        "value": "100%"
    },
    "_left_": {
        "type": "string",
        "value": "0%"
    },
    "_margin_": [
        0,
        0,
        0,
        0
    ],
    "_padding_": [
        0,
        0,
        0,
        0
    ],
    "_skin_": "sef8acc1fba847bb974fabf1e4daf92c",
    "_src_": "back.png",
    "_top_": {
        "type": "string",
        "value": "0%"
    },
    "_width_": {
        "type": "string",
        "value": "100%"
    },
    "canUpdateUI": true,
    "containerId": true,
    "containerweight": 100,
    "context": {
        "channel": "mobile",
        "platform": "android",
        "templateType": "headers",
        "topLevelBox": null
    },
    "id": "Image03e3ed25a15264b",
    "imagescalemode": 1,
    "info": null,
    "invokedProperty": "src",
    "isvisible": true,
    "kuid": "c2ba6eaa382d4cf892bfab21b3ada91f",
    "name": "kony.ui.Image2",
    "parent": "flxBack",
    "pf": "tmpVideoVisisbility",
    "srcType": 1,
    "wType": "Image",
    "widgetalignment": 5
}