{
    "@class": "com.kony.gen.viz.model.component.KVizCamera",
    "DNDConfig": null,
    "__parentReadjusting__": false,
    "_height_": {
        "type": "string",
        "value": "9%"
    },
    "_left_": {
        "type": "string",
        "value": "25.05%"
    },
    "_margin_": [
        0,
        0,
        0,
        0
    ],
    "_padding_": [
        0,
        0,
        0,
        0
    ],
    "_skin_": "s5c6513a81994ef9bcd0c2768fa72cef",
    "_text_": "Capture",
    "_top_": {
        "type": "string",
        "value": "45.03%"
    },
    "_width_": {
        "type": "string",
        "value": "50%"
    },
    "canUpdateUI": true,
    "capturemode": "video",
    "containerweight": 100,
    "contentalignment": 5,
    "desktopweb": {
        "render": false
    },
    "id": "camCapture",
    "ide_onCapture": "AS_Camera_9553db9ce0de449aab93ab7bfa51e473",
    "info": null,
    "isvisible": true,
    "kuid": "ba0b80fe82bf4495adcec49580c66e5e",
    "name": "kony.ui.Camera",
    "oncapture": "AS_Camera_9553db9ce0de449aab93ab7bfa51e473",
    "parent": "frmCapture",
    "pf": "frmCapture",
    "spaan": {
        "render": false
    },
    "spaandroidtablet": {
        "render": false
    },
    "spabb": {
        "render": false
    },
    "spaip": {
        "render": false
    },
    "spaipad": {
        "render": false
    },
    "spawindowstablet": {
        "render": false
    },
    "spawinphone8": {
        "render": false
    },
    "wType": "Camera",
    "watchos": {
        "render": false
    },
    "zindex": 1
}