{
    "@class": "com.kony.gen.viz.model.container.KVizScrollFlexForm",
    "DNDConfig": null,
    "_headers_": [
        {
            "DNDConfig": null,
            "Label029432494224144": {
                "@class": "com.kony.gen.viz.model.component.KVizLabel",
                "DNDConfig": null,
                "__parentReadjusting__": false,
                "_height_": {
                    "type": "string",
                    "value": "100%"
                },
                "_left_": {
                    "type": "string",
                    "value": "10%"
                },
                "_margin_": [
                    1,
                    1,
                    1,
                    1
                ],
                "_padding_": [
                    2,
                    0,
                    0,
                    0
                ],
                "_skin_": "s257151da8e140e293a2855e3eb10f3e",
                "_text_": "RawBytes",
                "_top_": {
                    "type": "string",
                    "value": "0%"
                },
                "_width_": {
                    "type": "string",
                    "value": "90%"
                },
                "_wrapping_": 2,
                "android": {
                    "textStyle": {
                        "letterSpacing": 0,
                        "strikeThrough": false
                    }
                },
                "canUpdateUI": true,
                "containerId": true,
                "containerweight": 100,
                "contentalignment": 4,
                "id": "Label029432494224144",
                "info": null,
                "ipad": {
                    "psp": {
                        "wrapping": 2
                    }
                },
                "iphone": {
                    "psp": {
                        "wrapping": 2
                    }
                },
                "isvisible": true,
                "kuid": "8452b5b7c8194d35953d17b43046aa4c",
                "name": "kony.ui.Label",
                "paddinginpixel": false,
                "parent": "flxRawBytes",
                "pf": "tmpRawBytes",
                "tooltip": "",
                "wType": "Label"
            },
            "_height_": {
                "type": "string",
                "value": "8%"
            },
            "_margin_": [
                0,
                0,
                0,
                0
            ],
            "_orientation_": 6,
            "_padding_": [
                0,
                0,
                0,
                0
            ],
            "_percent_": true,
            "_skin_": "sd59dfdf349a4ddfa32b0cbe302f497a",
            "allboxes": [],
            "android": {
                "render": true
            },
            "autogrowmode": 0,
            "canUpdateUI": true,
            "children": [
                "Label029432494224144",
                "flxBack"
            ],
            "clipbounds": true,
            "containerId": true,
            "containerweight": 100,
            "enablescrolling": true,
            "flxBack": {
                "DNDConfig": null,
                "Image03e3ed25a15264b": {
                    "@class": "com.kony.gen.viz.model.component.KVizImage2",
                    "DNDConfig": null,
                    "__parentReadjusting__": false,
                    "_base64_": null,
                    "_height_": {
                        "type": "string",
                        "value": "100%"
                    },
                    "_left_": {
                        "type": "string",
                        "value": "0%"
                    },
                    "_margin_": [
                        0,
                        0,
                        0,
                        0
                    ],
                    "_padding_": [
                        0,
                        0,
                        0,
                        0
                    ],
                    "_skin_": "sef8acc1fba847bb974fabf1e4daf92c",
                    "_src_": "back.png",
                    "_top_": {
                        "type": "string",
                        "value": "0%"
                    },
                    "_width_": {
                        "type": "string",
                        "value": "100%"
                    },
                    "canUpdateUI": true,
                    "containerId": true,
                    "containerweight": 100,
                    "context": {
                        "channel": "mobile",
                        "formID": "frmCapture_header",
                        "platform": "android",
                        "templateType": "headers",
                        "topLevelBox": false
                    },
                    "id": "Image03e3ed25a15264b",
                    "imagescalemode": 1,
                    "info": null,
                    "invokedProperty": "src",
                    "isvisible": true,
                    "kuid": "c3fd5cb39fe24060aab1150581aaf0a6",
                    "name": "kony.ui.Image2",
                    "parent": "flxBack",
                    "pf": "tmpRawBytes",
                    "srcType": 1,
                    "wType": "Image",
                    "widgetalignment": 5
                },
                "__parentReadjusting__": false,
                "_height_": {
                    "type": "string",
                    "value": "100%"
                },
                "_left_": {
                    "type": "string",
                    "value": "0%"
                },
                "_margin_": [
                    0,
                    0,
                    0,
                    0
                ],
                "_orientation_": 6,
                "_padding_": [
                    0,
                    0,
                    0,
                    0
                ],
                "_percent_": true,
                "_skin_": "s0247eefb1dd4ff3ba64b6e13af3bd8f",
                "_top_": {
                    "type": "string",
                    "value": "0%"
                },
                "_width_": {
                    "type": "string",
                    "value": "10%"
                },
                "allboxes": [],
                "autogrowmode": 0,
                "canUpdateUI": true,
                "children": [
                    "Image03e3ed25a15264b"
                ],
                "clipbounds": true,
                "containerId": true,
                "containerweight": 100,
                "enablescrolling": true,
                "id": "flxBack",
                "ide_onClick": "AS_FlexContainer_15e6493ee5b441acabf8858b407ca530",
                "info": null,
                "isvisible": true,
                "kuid": "4f5fe581c52b459e8bae0769c9551fd9",
                "layouttype": 2,
                "name": "kony.ui.FlexContainer",
                "parent": "flxRawBytes",
                "pf": "tmpRawBytes",
                "snapgridsize": 10,
                "snaptogrid": true,
                "wType": "FlexContainer",
                "widgetalignment": 1,
                "zindex": 1
            },
            "genericProperties": {
                "render": true
            },
            "id": "flxRawBytes",
            "info": null,
            "iphone": {
                "render": false
            },
            "isvisible": true,
            "kuid": "e23a0d15bad148e9af26cd022a31039b",
            "layouttype": 2,
            "name": "kony.ui.FlexContainer",
            "parent": "tmpRawBytes",
            "pf": "tmpRawBytes",
            "snapgridsize": 10,
            "snaptogrid": true,
            "spaan": {
                "render": true
            },
            "spabb": {
                "render": true
            },
            "spaip": {
                "render": true
            },
            "spawinphone8": {
                "render": true
            },
            "wType": "FlexContainer",
            "widgetalignment": 1,
            "winphone8": {
                "render": true
            }
        }
    ],
    "_margin_": [
        0,
        0,
        0,
        0
    ],
    "_orientation_": 1,
    "_padding_": [
        0,
        0,
        0,
        0
    ],
    "_percent_": true,
    "_skin_": "s3a6fb0b9f8a4ff5a85bc2c004abd257",
    "_title_": "RawBytes",
    "addWidgetsdone": false,
    "allboxes": [],
    "android": {
        "needAppMenu": false,
        "titleBar": false
    },
    "canUpdateUI": true,
    "children": [
        "FlexContainer07eeee647c63b49",
        "camCapture"
    ],
    "containerweight": 100,
    "currentLocale": null,
    "desktopweb": {
        "needAppMenu": false
    },
    "device": "iPhone6",
    "displayorientation": 1,
    "enabledforidletimeout": false,
    "header": "frmCapture_header",
    "headersId": "f2e9851742994d78bbf121474b0c173b",
    "id": "frmCapture",
    "info": null,
    "initdone": false,
    "inputaccessoryviewtype": 4,
    "invokedProperty": "headers",
    "ipad": {
        "psp": {
            "inputAccessoryViewType": 4
        }
    },
    "iphone": {
        "needAppMenu": false,
        "psp": {
            "inputAccessoryViewType": 4,
            "titleBarConfig": {
                "buttonClosureLeftSideView": "",
                "buttonClosureRightSideView": "",
                "buttonText": "",
                "imageLeftSideView": "back.png",
                "leftButtonText": "",
                "leftTitle": "Back",
                "prevFormTitle": false,
                "renderTitleText": true,
                "rightTitle": "Edit",
                "titleBarLeftSideView": "button",
                "titleBarRightSideView": "button",
                "titleClosureLeftSideView": "",
                "titleClosureRightSideView": "",
                "visible": true
            }
        },
        "titleBar": true
    },
    "isvisible": true,
    "kuid": "1f0d0f0449ca4d7c9ae5077e08ed0668",
    "layouttype": 2,
    "name": "kony.ui.Form2",
    "needappmenu": true,
    "paddinginpixel": false,
    "platform": "iphone",
    "prevDevice": "GalaxyS5",
    "prevPlatform": "android",
    "retainscrollposition": false,
    "shellCSS": "iOS_iPhone6",
    "snapgridsize": 10,
    "snaptogrid": true,
    "spaan": {
        "needAppMenu": false
    },
    "spabb": {
        "needAppMenu": false
    },
    "spaip": {
        "needAppMenu": false
    },
    "spawinphone8": {
        "needAppMenu": false
    },
    "titleBarSkin": "sd1caf5ba1c7465f8ce89bd606e00ebd",
    "titlebar": true,
    "type": 3,
    "wType": "Form",
    "winphone8": {
        "needAppMenu": false
    }
}