{
    "@class": "com.kony.gen.viz.model.component.KVizVideo",
    "DNDConfig": null,
    "__parentReadjusting__": false,
    "_controls_": true,
    "_height_": {
        "type": "string",
        "value": "100%"
    },
    "_left_": {
        "type": "string",
        "value": "0%"
    },
    "_margin_": [
        0,
        0,
        0,
        0
    ],
    "_padding_": [
        0,
        0,
        0,
        0
    ],
    "_poster_": "defvideoposter.png",
    "_render_": true,
    "_skin_": "s5a8268caeaf41ca855cfdfcaac0e35b",
    "_source_": {},
    "_text_": "Video",
    "_top_": {
        "type": "string",
        "value": "0%"
    },
    "_volume_": 1,
    "_width_": {
        "type": "string",
        "value": "100%"
    },
    "android": {
        "ide_onCompletion": "AS_Video_6f60f167a29849219fb9f17dd4cfcae2",
        "ide_onError": "AS_Video_3b3d27e55a314787934e3e2c6c076d56",
        "ide_onPrepared": "AS_Video_3bb973611c8647e48cef6a2a9bf1ce03",
        "onCompletion": "AS_Video_6f60f167a29849219fb9f17dd4cfcae2",
        "onError": "AS_Video_3b3d27e55a314787934e3e2c6c076d56",
        "onPrepared": "AS_Video_3bb973611c8647e48cef6a2a9bf1ce03",
        "render": true
    },
    "canUpdateUI": true,
    "containerweight": 100,
    "desktopweb": {
        "psp": {
            "render": true
        }
    },
    "id": "videoDisplay",
    "info": null,
    "iphone": {
        "render": true
    },
    "isvisible": false,
    "kiosk": {
        "render": false
    },
    "kuid": "5e1f4b03fa324921a014dc5dc3247165",
    "mp4": "",
    "name": "kony.ui.Video",
    "parent": "FlexContainer07eeee647c63b49",
    "pf": "frmCapture",
    "spa": {
        "psp": {
            "render": true
        }
    },
    "spaan": {
        "render": true
    },
    "spabb": {
        "render": true
    },
    "spaip": {
        "render": true
    },
    "spawinphone8": {
        "render": true
    },
    "wType": "Video",
    "watchos": {
        "render": false
    },
    "windows8": {
        "render": false
    },
    "winphone8": {
        "render": false
    },
    "zindex": 1
}