{"createdVizVersion":"2.9.0","watchos_longlooknotificationicon_42":"","wap_android240_fontsize":"12","mwaddrkey":"","watchos_notificationcentericon_38":"","createdgaversion":"6.9.0","wap_android640_fontsize":"12","winmobileguidkey":"","desktopwebbasefontsize":"12","watchos_shortlooknotificationicon_42":"","wap_spaandroidtab_fontsize":"12","apppackagekey":"","startupformkey":"frmHome","wap_bb440_fontsize":"12","wap_spaandroidtabldpi_fontsize":"12","isA11yConfigEnabled":false,"wap_android480_fontsize":"12","wap_spawindowstab_fontsize":"12","wap_winphone320_fontsize":"12","defaulttheme":"defaultTheme","watchos_longlooknotificationicon_38":"","watchos_notificationcentericon_42":"","enableactionbar":false,"appmenu":{"focusSkin":null,"tablet":{"data":[{"id":"appmenuitemid1","icon":{"default":"option1.png"},"title":"Item 1","android":{"showAsFlag":0},"kuid":"9af10939f0074501ab6b00871ce538de","windows8":{"position":"BOTTOM_LEFT","appBarButtonStyle":"No Style"}},{"id":"appmenuitemid2","icon":{"default":"option2.png"},"title":"Item 2","android":{"showAsFlag":0},"kuid":"e3af695920a94f1b8cbfee897a1a4afc","windows8":{"position":"BOTTOM_LEFT","appBarButtonStyle":"No Style"}},{"id":"appmenuitemid3","icon":{"default":"option3.png"},"title":"Item 3","android":{"showAsFlag":0},"kuid":"f5abbbb8bed340bd85599b992d605901","windows8":{"position":"BOTTOM_LEFT","appBarButtonStyle":"No Style"}},{"id":"appmenuitemid4","icon":{"default":"option4.png"},"title":"Item 4","android":{"showAsFlag":0},"kuid":"e91283beb2df42edae41823e6b3661ed","windows8":{"position":"BOTTOM_LEFT","appBarButtonStyle":"No Style"}}]},"osVersion":"iOS7","wType":"Appmenu","focusskin":null,"osPlatform":"","desktop":{"data":[{"id":"appmenuitemid1","icon":{"default":"option1.png"},"title":"Item 1","kuid":"78439756a0e84ba887b6c73a3dadaade"},{"id":"appmenuitemid2","icon":{"default":"option2.png"},"title":"Item 2","kuid":"704d22e73a2b4289900029c5a87d9222"},{"id":"appmenuitemid3","icon":{"default":"option3.png"},"title":"Item 3","kuid":"4b4389286d774c568d89641e3ad89189"},{"id":"appmenuitemid4","icon":{"default":"option4.png"},"title":"Item 4","kuid":"3a618fd9828341688f9aec6ca6720eee"}]},"skin":null,"mobile":{"data":[{"id":"appmenuitemid1","icon":{"default":"option1.png"},"title":"Item 1","kuid":"ec7a60bc66c04ecea58d7b957439abf5","android":{"showAsFlag":0}},{"id":"appmenuitemid2","icon":{"default":"option2.png"},"title":"Item 2","kuid":"7911d0eb6516416aa959d0724f74f4be","android":{"showAsFlag":0}},{"id":"appmenuitemid3","icon":{"default":"option3.png"},"title":"Item 3","kuid":"19c860f13fcd44e5a617454ef600950d","android":{"showAsFlag":0}},{"id":"appmenuitemid4","icon":{"default":"option4.png"},"title":"Item 4","kuid":"8e880058717f4c5583906c5796277a00","android":{"showAsFlag":0}}]}},"wap_android360_fontsize":"12","project.type":"js","appversionkey":"1.0.0","mwportkey":"","wap_bb400_fontsize":"12","isNewAppWithRespectToAndroidPackageName":"","build":"debug","wap_android320_fontsize":"12","statusBarHidden":"false","wap_winphone480_fontsize":"12","export.type":"studioviz","wap_bb240_fontsize":"12","wap_bb480_fontsize":"12","wap_spaandroidtabmdpi_fontsize":"12","wap_bb320_fontsize":"12","project_version":"sprint22","wap_android400_fontsize":"12","appaddrkey":"","wap_ip_fontsize":"12","watchos_shortlooknotificationicon_38":"","appidkey":"VideoWidget","currentgaversion":"6.9.0","mwhttpsportkey":"","vendornamekey":"KonyLabs","konyVizVersion":"2.9.0","appnamekey":"VideoWidget","APPLICATION_THEME":"default","wap_android440_fontsize":"12","wap_spaipad_fontsize":"12","wap_spaandroidtabhdpi_fontsize":"12","nativeContainerProperties":{"isModified":false,"isEnableJSContaineriOS":false,"isEnableJSContainerAndroid":false,"isEnableJSContainer":false},"wap_bb360_fontsize":"12"}