<properties>
    <attributes name="applogokey" value=""/>
    <attributes name="androidmapkey2" value=""/>
    <attributes name="ACCESS_WIFI_STATE" value="false"/>
    <attributes name="mwaddrkey" value="10.10.30.71"/>
    <attributes name="portkey" value=""/>
    <attributes name="INTERNAL_SYSTEM_WINDOW" value="false"/>
    <attributes name="WRITE_SETTINGS" value="false"/>
    <attributes name="ACCOUNT_MANAGER" value="false"/>
    <attributes name="wp8cycle6key" value=""/>
    <attributes name="Home_or_Work_Networking" value="true"/>
    <attributes name="winenablecrashlogkey" value="false"/>
    <attributes name="wp8packagepublisheridkey" value=""/>
    <attributes name="andminsdkkey" value="4.0"/>
    <attributes name="PERSISTENT_ACTIVITY" value="false"/>
    <attributes name="isA11yConfigEnabled" value="false"/>
    <attributes name="READ_SMS" value="false"/>
    <attributes name="applepushfunc" value="None"/>
    <attributes name="Internet(Client)" value="true"/>
    <attributes name="microphone" value="false"/>
    <attributes name="win8enablecrashlogkey" value="false"/>
    <attributes name="MODIFY_AUDIO_SETTINGS" value="false"/>
    <attributes name="GLOBAL_SEARCH" value="false"/>
    <attributes name="hybridaddrkey" value=""/>
    <attributes name="winsmoothscrollkey" value="true"/>
    <attributes name="CLEAR_APP_USER_DATA" value="false"/>
    <attributes name="webcam" value="false"/>
    <attributes name="wp8flipsmallkey" value=""/>
    <attributes name="ACCESS_COARSE_LOCATION" value="false"/>
    <attributes name="RESTART_PACKAGES" value="false"/>
    <attributes name="ID_CAP_PHONEDIALER" value="true"/>
    <attributes name="wp81spackagenamekey" value="VideoWidget"/>
    <attributes name="objects3D" value="false"/>
    <attributes name="WP8_ID_CAP_WALLET_PAYMENTINSTRUMENTS" value="false"/>
    <attributes name="appversionkey" value="1.0.0"/>
    <attributes name="WP8_ID_CAP_GAMERSERVICES" value="false"/>
    <attributes name="BIND_WALLPAPER" value="false"/>
    <attributes name="isNewAppWithRespectToAndroidPackageName" value="true"/>
    <attributes name="SET_ANIMATION_SCALE" value="false"/>
    <attributes name="AUTHENTICATE_ACCOUNTS" value="false"/>
    <attributes name="ID_CAP_LOCATION" value="true"/>
    <attributes name="wp8tilestitlekey" value=""/>
    <attributes name="SET_TIME" value="false"/>
    <attributes name="win6xj2meonlysupported" value="false"/>
    <attributes name="Enterprise_Authentication" value="true"/>
    <attributes name="DIAGNOSTIC" value="false"/>
    <attributes name="WRITE_CALENDAR" value="false"/>
    <attributes name="Videos_Library_Access" value="true"/>
    <attributes name="WRITE_SMS" value="false"/>
    <attributes name="ID_REQ_GYROSCOPE" value="false"/>
    <attributes name="WP8_ID_CAP_PUSH_NOTIFICATION" value="true"/>
    <attributes name="DEVICE_POWER" value="false"/>
    <attributes name="win8versionminorkey" value="0"/>
    <attributes name="androidscreenextralarge" value="true"/>
    <attributes name="iphonebundleversionkey" value="1.0"/>
    <attributes name="bb10versionnumber" value=""/>
    <attributes name="WP8_ID_CAP_MICROPHONE" value="true"/>
    <attributes name="wp8packageauthorkey" value=""/>
    <attributes name="windowsloadindicatorkey" value="true"/>
    <attributes name="UseOpenSSLLibrary" value="false"/>
    <attributes name="READ_HISTORY_BOOKMARKS" value="false"/>
    <attributes name="WP8_ID_CAP_VOIP" value="true"/>
    <attributes name="androidmapkey" value=""/>
    <attributes name="enablesearchbar" value="false"/>
    <attributes name="wp8descriptionkey" value="Sample Test Application"/>
    <attributes name="BROADCAST_STICKY" value="false"/>
    <attributes name="GET_ACCOUNTS" value="false"/>
    <attributes name="SET_PROCESS_LIMIT" value="false"/>
    <attributes name="bb10theme" value="Default"/>
    <attributes name="BLUETOOTH" value="false"/>
    <attributes name="genericexceptionalert" value="false"/>
    <attributes name="mangoapptitlekey" value=",,,,,,"/>
    <attributes name="backgroundmodes" value="Disabled"/>
    <attributes name="access_internet" value="true"/>
    <attributes name="wp8flipmediumkey" value=""/>
    <attributes name="deviceexception" value="Unknown Error Occurred &lt;br/&gt; Contact System Admin"/>
    <attributes name="thinwebcontextkey" value=""/>
    <attributes name="win10pfxkey" value=""/>
    <attributes name="DUMP" value="false"/>
    <attributes name="wp8tilestemplatekey" value="FLIP_TILE"/>
    <attributes name="SET_ORIENTATION" value="false"/>
    <attributes name="proximity" value="false"/>
    <attributes name="ID_REQ_FRONTCAMERA" value="false"/>
    <attributes name="apmorientationchange" value="false"/>
    <attributes name="desktopwebresizecontent" value="false"/>
    <attributes name="win8packagedisplaynamekey" value="VideoWidget"/>
    <attributes name="spawindowstabbasefontsize" value="12"/>
    <attributes name="MANAGE_ACCOUNTS" value="false"/>
    <attributes name="androidscreenanydensity" value="true"/>
    <attributes name="win8badgelogokey" value=""/>
    <attributes name="mwportkey" value="80"/>
    <attributes name="iosenablejsbindings" value="true"/>
    <attributes name="win8certificatekey" value=""/>
    <attributes name="BRICK" value="false"/>
    <attributes name="ID_CAP_APPOINTMENTS" value="true"/>
    <attributes name="SET_PREFERRED_APPLICATIONS" value="false"/>
    <attributes name="SELECTED_THEME" value="default"/>
    <attributes name="GET_TASKS" value="false"/>
    <attributes name="Music_Library" value="true"/>
    <attributes name="tciphonebasefontsize" value="12"/>
    <attributes name="pathpatternkey" value=""/>
    <attributes name="bb10keystorepassword" value=""/>
    <attributes name="splashlogokey" value=""/>
    <attributes name="wp8iconicsmallkey" value=""/>
    <attributes name="inputaccessoryviewtype" value="nextprevtoolbar"/>
    <attributes name="Shared_User_Certificates" value="true"/>
    <attributes name="android_allowselfsignedcertificates" value="None"/>
    <attributes name="imagewhendownloading" value=""/>
    <attributes name="WP8_ID_CAP_IDENTITY_DEVICE" value="true"/>
    <attributes name="INSTALL_LOCATION_PROVIDER" value="false"/>
    <attributes name="fbxfolderpathkey" value=""/>
    <attributes name="ID_RESOLUTION_HD720P" value="true"/>
    <attributes name="READ_CONTACTS" value="false"/>
    <attributes name="documentsLibrary" value="false"/>
    <attributes name="phoneCall" value="false"/>
    <attributes name="wintileforegroundnamekey" value="Light"/>
    <attributes name="internetClient" value="false"/>
    <attributes name="ID_CAP_GAMERSERVICES" value="true"/>
    <attributes name="iphoneipadglossyeffectkey" value="false"/>
    <attributes name="Text_Messaging" value="true"/>
    <attributes name="HARDWARE_TEST" value="false"/>
    <attributes name="WP8_ID_CAP_APPOINTMENTS" value="true"/>
    <attributes name="USE_CREDENTIALS" value="false"/>
    <attributes name="GET_PACKAGE_SIZE" value="false"/>
    <attributes name="allowselfsignedcertificate" value="false"/>
    <attributes name="NFC" value="false"/>
    <attributes name="tcbb480basefontsize" value="12"/>
    <attributes name="enterpriseAuthentication" value="false"/>
    <attributes name="desktopwebnoscriptmessage" value="To use this site, first enable your browser&#039;s JavaScript support and then refresh this page."/>
    <attributes name="tcbb360basefontsize" value="12"/>
    <attributes name="WP8_ID_CAP_PHONEDIALER" value="true"/>
    <attributes name="bgcolorkey" value="255,255,255"/>
    <attributes name="BIND_APPWIDGET" value="false"/>
    <attributes name="wp8cycle5key" value=""/>
    <attributes name="hybdridcontextkey" value=""/>
    <attributes name="KILL_BACKGROUND_PROCESSES" value="false"/>
    <attributes name="ipadlandscapemodekey" value="false"/>
    <attributes name="schemekey" value=""/>
    <attributes name="UseSQLCipherFIPS" value="false"/>
    <attributes name="win8versionmajorkey" value="1"/>
    <attributes name="win8lockscreennotificationskey" value="Not set"/>
    <attributes name="andapplicationtags" value=""/>
    <attributes name="ioscheckboxcorrection" value="true"/>
    <attributes name="exceptionalert" value="true"/>
    <attributes name="windows10guid" value=""/>
    <attributes name="wp8cycle8key" value=""/>
    <attributes name="xhtmlfavicokey" value=""/>
    <attributes name="picturesLibrary" value="false"/>
    <attributes name="ID_CAP_IDENTITY_USER" value="true"/>
    <attributes name="spaipadbasefontsize" value="12"/>
    <attributes name="BLUETOOTH_ADMIN" value="false"/>
    <attributes name="wp81spackagepublichernamekey" value="Kony"/>
    <attributes name="FLASHLIGHT" value="false"/>
    <attributes name="apmtouchorclick" value="false"/>
    <attributes name="READ_FRAME_BUFFER" value="false"/>
    <attributes name="wp8fliplargekey" value=""/>
    <attributes name="BIND_DEVICE_ADMIN" value="false"/>
    <attributes name="MANAGE_APP_TOKENS" value="false"/>
    <attributes name="Pictures_Library_Access" value="true"/>
    <attributes name="RECEIVE_BOOT_COMPLETED" value="false"/>
    <attributes name="generateJavaCodeForForms" value="false"/>
    <attributes name="wintilebackcolornamekey" value="128,128,128"/>
    <attributes name="win8versionrevisionkey" value="0"/>
    <attributes name="ACCESS_MOCK_LOCATION" value="false"/>
    <attributes name="SYSTEM_ALERT_WINDOW" value="false"/>
    <attributes name="iphoneloadindicatorkey" value="true"/>
    <attributes name="RECEIVE_SMS" value="false"/>
    <attributes name="BIND_REMOTEVIEWS" value="false"/>
    <attributes name="appidkey" value="VideoWidget"/>
    <attributes name="Proximity" value="true"/>
    <attributes name="WP8_ID_CAP_PROXIMITY" value="true"/>
    <attributes name="DELETE_CACHE_FILES" value="false"/>
    <attributes name="wp81spublisherdisplaynamekey" value="KonyLabs"/>
    <attributes name="bbserviceidentifierpattern" value=""/>
    <attributes name="BATTERY_STATS" value="false"/>
    <attributes name="win8toastcapablekey" value="Not set"/>
    <attributes name="location" value="false"/>
    <attributes name="ACCESS_CHECKIN_PROPERTIES" value="false"/>
    <attributes name="Webcam" value="true"/>
    <attributes name="chat" value="false"/>
    <attributes name="winmobileguidkey" value=""/>
    <attributes name="SET_ALWAYS_FINISH" value="false"/>
    <attributes name="apptitle" value=""/>
    <attributes name="apppackagekey" value="com.orgname.VideoWidget"/>
    <attributes name="WP8_ID_CAP_WALLET_SECUREELEMENT" value="false"/>
    <attributes name="SET_ALARM" value="false"/>
    <attributes name="read_device_identifying_information" value="false"/>
    <attributes name="Appoinments" value="true"/>
    <attributes name="androidorientation" value="Device Default"/>
    <attributes name="RECEIVE_MMS" value="false"/>
    <attributes name="WRITE_SYNC_SETTINGS" value="false"/>
    <attributes name="tcbb440basefontsize" value="12"/>
    <attributes name="WRITE_EXTERNAL_STORAGE" value="true"/>
    <attributes name="win8descriptionkey" value="Sample Test Application"/>
    <attributes name="extendTop" value="false"/>
    <attributes name="REORDER_TASKS" value="false"/>
    <attributes name="iphonebundleidentifierkey" value="com.kone.VideoWidget"/>
    <attributes name="WP8_ID_CAP_NETWORKING" value="true"/>
    <attributes name="studiovizproject" value="true"/>
    <attributes name="ID_CAP_SENSORS" value="true"/>
    <attributes name="bb10orientationmode" value="Default"/>
    <attributes name="EXPAND_STATUS_BAR" value="false"/>
    <attributes name="enableactionbar" value="false"/>
    <attributes name="iospopuptransitioncorrection" value="true"/>
    <attributes name="WAKE_LOCK" value="false"/>
    <attributes name="project.type" value="js"/>
    <attributes name="ID_CAP_CONTACTS" value="true"/>
    <attributes name="defaultlocalekey" value=""/>
    <attributes name="WRITE_APN_SETTINGS" value="false"/>
    <attributes name="bb10packageid" value=""/>
    <attributes name="CONTROL_LOCATION_UPDATES" value="false"/>
    <attributes name="ID_CAP_PUSH_NOTIFICATION" value="true"/>
    <attributes name="Shared_User_Certificate" value="true"/>
    <attributes name="win8shortnamekey" value="VideoWidget"/>
    <attributes name="MASTER_CLEAR" value="false"/>
    <attributes name="post_notification" value="false"/>
    <attributes name="tcnoscriptmessage" value="To use this site, first enable your browser&#039;s JavaScript support and then refresh this page."/>
    <attributes name="win8shownamekey" value="Not set"/>
    <attributes name="wp8supportlargetileskey" value="false"/>
    <attributes name="androidscreensmall" value="true"/>
    <attributes name="initialRotationPreferenceKey" value="landscape"/>
    <attributes name="Documents_Library_Access" value="true"/>
    <attributes name="winmobiletileimagekey" value=""/>
    <attributes name="FACTORY_TEST" value="false"/>
    <attributes name="tcphoneformatindicator" value="false"/>
    <attributes name="win8publisherdisplaynamekey" value="KonyLabs"/>
    <attributes name="WP8_ID_CAP_CONTACTS" value="true"/>
    <attributes name="Location" value="true"/>
    <attributes name="manifest_tag_attrs" value=""/>
    <attributes name="ACCESS_SURFACE_FLINGER" value="false"/>
    <attributes name="currentgaversion" value="7.0.0.Beta2_v201601111917"/>
    <attributes name="mwhttpsportkey" value="443"/>
    <attributes name="pathkey" value=""/>
    <attributes name="vendornamekey" value="KonyLabs"/>
    <attributes name="mapkey" value=""/>
    <attributes name="win8applogokey" value=""/>
    <attributes name="allJoyn" value="false"/>
    <attributes name="DELETE_PACKAGES" value="false"/>
    <attributes name="UPDATE_DEVICE_STATS" value="false"/>
    <attributes name="ACCESS_NETWORK_STATE" value="true"/>
    <attributes name="SET_WALLPAPER_HINTS" value="false"/>
    <attributes name="win8packagenamekey" value="VideoWidget"/>
    <attributes name="WP8_ID_CAP_LOCATION" value="true"/>
    <attributes name="wp8cycle4key" value=""/>
    <attributes name="musicLibrary" value="false"/>
    <attributes name="wp8iconimagekey" value=""/>
    <attributes name="Internet(Client_AND_Server)" value="true"/>
    <attributes name="access_sms_mms" value="false"/>
    <attributes name="ID_CAP_ISV_CAMERA" value="true"/>
    <attributes name="wp8enforceMaxMemory" value="false"/>
    <attributes name="urlschemanameorder" value=""/>
    <attributes name="desktopwebwidthoption" value="Percentage"/>
    <attributes name="win8packagelogokey" value=""/>
    <attributes name="CAMERA" value="true"/>
    <attributes name="WP8_ID_CAP_MEDIALIB_PHOTO" value="true"/>
    <attributes name="access_location_services" value="false"/>
    <attributes name="passwordkey" value="kds/0eUc+i3BqFqSkpCk4g=="/>
    <attributes name="iostextboxpaddingcorrection" value="true"/>
    <attributes name="protectedmodeenabled_ios" value="false"/>
    <attributes name="enablecharts2d3diphone" value="false"/>
    <attributes name="win8widelogokey" value=""/>
    <attributes name="wp81sdescriptionkey" value="Sample Test Application"/>
    <attributes name="apmcrash" value="true"/>
    <attributes name="backward_compatibility_mode" value="false"/>
    <attributes name="mwcontextkey" value=""/>
    <attributes name="apploadeventkey" value="None"/>
    <attributes name="CALL_PHONE" value="false"/>
    <attributes name="INSTALL_PACKAGES" value="false"/>
    <attributes name="usegoogleplaylocationservices" value="false"/>
    <attributes name="codeGeneration" value="false"/>
    <attributes name="tcbb320basefontsize" value="12"/>
    <attributes name="userAccountInformation" value="false"/>
    <attributes name="wp8cycle1key" value=""/>
    <attributes name="desktopwebtitle" value=""/>
    <attributes name="isCrittercismEnabled" value="false"/>
    <attributes name="WRITE_SECURE_SETTINGS" value="false"/>
    <attributes name="androidloadindicatorkey" value="true"/>
    <attributes name="andapplicationattrs" value=""/>
    <attributes name="wp8cycle2key" value=""/>
    <attributes name="protectedmodeenabled_android" value="false"/>
    <attributes name="RECORD_AUDIO" value="false"/>
    <attributes name="SUBSCRIBED_FEEDS_WRITE" value="false"/>
    <attributes name="privateNetworkClientServer" value="false"/>
    <attributes name="ipadportraitmodekey" value="true"/>
    <attributes name="wp8doNotInstalllowerMemory" value="false"/>
    <attributes name="apmservicerequest" value="true"/>
    <attributes name="appnamekey" value="VideoWidget"/>
    <attributes name="tileUpdateRecurrenceKey" value=""/>
    <attributes name="andtargetsdkkey" value="5.0"/>
    <attributes name="deeplinkkey" value="None"/>
    <attributes name="READ_LOGS" value="false"/>
    <attributes name="apmgestureswipe" value="false"/>
    <attributes name="WRITE_GSERVICES" value="false"/>
    <attributes name="wp8packageversionkey" value=""/>
    <attributes name="CHANGE_CONFIGURATION" value="false"/>
    <attributes name="enablecharts2d3d" value="false"/>
    <attributes name="MOUNT_FORMAT_FILESYSTEMS" value="false"/>
    <attributes name="bb10authorid" value=""/>
    <attributes name="BROADCAST_PACKAGE_REMOVED" value="false"/>
    <attributes name="PROCESS_OUTGOING_CALLS" value="false"/>
    <attributes name="Server side mobile web" value="false"/>
    <attributes name="bb10author" value=""/>
    <attributes name="apmformEntry" value="true"/>
    <attributes name="wp8cycle3key" value=""/>
    <attributes name="useridkey" value=""/>
    <attributes name="access_pimdomain_calendars" value="false"/>
    <attributes name="desktopwebwidthval" value="100"/>
    <attributes name="BIND_INPUT_METHOD" value="false"/>
    <attributes name="internetClientServer" value="false"/>
    <attributes name="DISABLE_KEYGUARD" value="false"/>
    <attributes name="pasteboardtype" value="systemlevel"/>
    <attributes name="tcandroid400basefontsize" value="12"/>
    <attributes name="androidscreenresizeable" value="false"/>
    <attributes name="tcandroid440basefontsize" value="12"/>
    <attributes name="CHANGE_NETWORK_STATE" value="false"/>
    <attributes name="desktopwebaligenmentoption" value="left"/>
    <attributes name="hostkey" value=""/>
    <attributes name="wp8packagepublisherkey" value="Kony"/>
    <attributes name="enablefocushtml5iphonbb" value="false"/>
    <attributes name="access_phone" value="false"/>
    <attributes name="win8packagepublichernamekey" value="Kony"/>
    <attributes name="andmaxsdkkey" value="None"/>
    <attributes name="wp8iconcountnotificationkey" value="false"/>
    <attributes name="READ_SYNC_SETTINGS" value="false"/>
    <attributes name="statusBarStyle" value="STATUS_BAR_STYLE_DEFAULT"/>
    <attributes name="WRITE_HISTORY_BOOKMARKS" value="false"/>
    <attributes name="INTERNET" value="true"/>
    <attributes name="enablepushnotifications" value="false"/>
    <attributes name="USE_SIP" value="false"/>
    <attributes name="secondarytilefunctionkey" value="None"/>
    <attributes name="ACCESS_FINE_LOCATION" value="false"/>
    <attributes name="spaandroidtab1280basefontsize" value="12"/>
    <attributes name="READ_INPUT_STATE" value="false"/>
    <attributes name="voipCall" value="false"/>
    <attributes name="windowsmapkey" value=""/>
    <attributes name="WP8_ID_CAP_SENSORS" value="true"/>
    <attributes name="usevizactions" value="false"/>
    <attributes name="ID_CAP_MICROPHONE" value="true"/>
    <attributes name="wp81sdisplaynamekey" value="VideoWidget"/>
    <attributes name="REBOOT" value="false"/>
    <attributes name="SET_TIME_ZONE" value="false"/>
    <attributes name="createdgaversion" value="6.9.0"/>
    <attributes name="WP8_ID_CAP_MEDIALIB_PLAYBACK" value="true"/>
    <attributes name="ID_RESOLUTION_WVGA" value="true"/>
    <attributes name="CLEAR_APP_CACHE" value="false"/>
    <attributes name="desktopwebbasefontsize" value="12"/>
    <attributes name="win8pvkkey" value=""/>
    <attributes name="appiniteventkey" value="None"/>
    <attributes name="ID_RESOLUTION_WXGA" value="true"/>
    <attributes name="devicemsg" value="This device is currently not supported"/>
    <attributes name="CHANGE_WIFI_STATE" value="false"/>
    <attributes name="ID_CAP_MEDIALIB" value="true"/>
    <attributes name="WP8_ID_CAP_MAP" value="true"/>
    <attributes name="tcandroid640basefontsize" value="12"/>
    <attributes name="winmangotiletitlekey" value="VideoWidget"/>
    <attributes name="WP8_ID_CAP_ISV_CAMERA" value="true"/>
    <attributes name="READ_CALENDAR" value="false"/>
    <attributes name="hybridhttpsportkey" value=""/>
    <attributes name="removableStorage" value="false"/>
    <attributes name="Removable_Storage" value="true"/>
    <attributes name="androidInstallLocnPref" value="false"/>
    <attributes name="access_pimdomain_contacts" value="false"/>
    <attributes name="apmformExit" value="false"/>
    <attributes name="CHANGE_WIFI_MULTICAST_STATE" value="false"/>
    <attributes name="CALL_PRIVILEGED" value="false"/>
    <attributes name="SUBSCRIBED_FEEDS_READ" value="false"/>
    <attributes name="supportX86Devices" value="false"/>
    <attributes name="antialiaseddrawing" value="false"/>
    <attributes name="sessionmanager" value="Http Session Manager"/>
    <attributes name="READ_PHONE_STATE" value="true"/>
    <attributes name="extendBottom" value="false"/>
    <attributes name="RECEIVE_WAP_PUSH" value="false"/>
    <attributes name="appversioncode" value="1"/>
    <attributes name="customgcmbroadcastreceiver" value=""/>
    <attributes name="wp81spackagedisplaynamekey" value="VideoWidget"/>
    <attributes name="WP8_ID_CAP_REMOVABLE_STORAGE" value="true"/>
    <attributes name="MODIFY_PHONE_STATE" value="false"/>
    <attributes name="iosrespectimagesizecorrection" value="true"/>
    <attributes name="androidInstallLocation" value="Auto"/>
    <attributes name="androidscreenlarge" value="true"/>
    <attributes name="bb10buildid" value=""/>
    <attributes name="Contacts" value="true"/>
    <attributes name="INJECT_EVENTS" value="false"/>
    <attributes name="bb10description" value=""/>
    <attributes name="wp8cyclesmallkey" value=""/>
    <attributes name="ACCESS_LOCATION_EXTRA_COMMANDS" value="false"/>
    <attributes name="hybridportkey" value=""/>
    <attributes name="andmanifesttags" value=""/>
    <attributes name="WRITE_CONTACTS" value="false"/>
    <attributes name="VIBRATE" value="false"/>
    <attributes name="ID_CAP_IDENTITY_DEVICE" value="true"/>
    <attributes name="_sys_use_consumer_push" value="false"/>
    <attributes name="win8smalllogokey" value=""/>
    <attributes name="SET_DEBUG_APP" value="false"/>
    <attributes name="tcandroid240basefontsize" value="12"/>
    <attributes name="win8versionbuildkey" value="0"/>
    <attributes name="CHANGE_COMPONENT_ENABLED_STATE" value="false"/>
    <attributes name="windowskioskguid" value=""/>
    <attributes name="marginsincludedinwidgetcontainerweight" value="true"/>
    <attributes name="WP8_ID_CAP_MEDIALIB_AUDIO" value="true"/>
    <attributes name="access_pimdomain_messages" value="false"/>
    <attributes name="apmserviceresponse" value="false"/>
    <attributes name="iphonewebshrtcutkey" value=""/>
    <attributes name="ID_CAP_NETWORKING" value="true"/>
    <attributes name="ID_HW_FRONTCAMERA" value="false"/>
    <attributes name="wp8lockscreenbackgroundkey" value="false"/>
    <attributes name="WP8_ID_CAP_SPEECH_RECOGNITION" value="true"/>
    <attributes name="ID_REQ_NFC" value="false"/>
    <attributes name="wp81slockscreennotificationskey" value="Not set"/>
    <attributes name="wp8textnotificationkey" value="false"/>
    <attributes name="iphoneurlscheme" value=""/>
    <attributes name="videosLibrary" value="false"/>
    <attributes name="STATUS_BAR" value="false"/>
    <attributes name="access_shared" value="false"/>
    <attributes name="blockedChatMessages" value="false"/>
    <attributes name="spaandroidtabbasefontsize" value="12"/>
    <attributes name="SET_WALLPAPER" value="false"/>
    <attributes name="sharedUserCertificates" value="false"/>
    <attributes name="ID_REQ_MAGNETOMETER" value="false"/>
    <attributes name="Microphone" value="true"/>
    <attributes name="READ_SYNC_STATS" value="false"/>
    <attributes name="desktopwebfavico" value=""/>
    <attributes name="SEND_SMS" value="false"/>
    <attributes name="wp81stoastcapablekey" value="Not set"/>
    <attributes name="use_camera" value="false"/>
    <attributes name="androidscreennormal" value="true"/>
    <attributes name="WP8_ID_CAP_IDENTITY_USER" value="true"/>
    <attributes name="wp8iconicmediumkey" value=""/>
    <attributes name="SET_ACTIVITY_WATCHER" value="false"/>
    <attributes name="WP8_ID_CAP_WALLET" value="false"/>
    <attributes name="WP8_ID_CAP_WEBBROWSERCOMPONENT" value="true"/>
    <attributes name="ID_CAP_CAMERA" value="false"/>
    <attributes name="bb10urlscheme" value=""/>
    <attributes name="enableautomaticeventcap" value="true"/>
    <attributes name="enablelocalnotifications" value="false"/>
    <attributes name="spaandroidtab1024basefontsize" value="12"/>
    <attributes name="statusBarHidden" value="false"/>
    <attributes name="disablehttpskey" value="false"/>
    <attributes name="SIGNAL_PERSISTENT_PROCESSES" value="false"/>
    <attributes name="tcbb240basefontsize" value="12"/>
    <attributes name="spawindows480basefontsize" value="12"/>
    <attributes name="wp8displaynamekey" value="VideoWidget"/>
    <attributes name="wp8cycle9key" value=""/>
    <attributes name="MOUNT_UNMOUNT_FILESYSTEMS" value="false"/>
    <attributes name="tcandroid480basefontsize" value="12"/>
    <attributes name="BROADCAST_WAP_PUSH" value="false"/>
    <attributes name="apmerrorunhandledexception" value="true"/>
    <attributes name="tcandroid320basefontsize" value="12"/>
    <attributes name="BROADCAST_SMS" value="false"/>
    <attributes name="ID_REQ_REARCAMERA" value="false"/>
    <attributes name="tcandroid360basefontsize" value="12"/>
    <attributes name="win8displaynamekey" value="VideoWidget"/>
    <attributes name="wp8cycle7key" value=""/>
    <attributes name="tcbb400basefontsize" value="12"/>
    <attributes name="spaandroidtab800basefontsize" value="12"/>
    <attributes name="bbservicemenuitemlabel" value=""/>
    <attributes name="spawindows320basefontsize" value="12"/>
    <attributes name="ID_CAP_WEBBROWSERCOMPONENT" value="true"/>
    <attributes name="FORCE_BACK" value="false"/>
    <attributes name="fgcolorkey" value="255,255,255"/>
    <attributes name="APPLICATION_THEME" value="default"/>
    <attributes name="androidenablejsbindings" value="false"/>
    <attributes name="camerasettings" value=""/>
    <attributes name="pathprefixkey" value=""/>
    <attributes name="build" value="debug"/>
    <attributes name="cloud_url" value="https://sampletestcloud.qa-konycloud.com"/>
    <attributes name="cloud_env_name" value="Samples-ACME Prod"/>
    <attributes name="defaultlocalekey" value=""/>
</properties>