{"mwaddrkey":"","wap_android360_fontsize":"12","isA11yConfigEnabled":false,"watchos_notificationcentericon_42":"","wap_android440_fontsize":"12","apppackagekey":"","nativeContainerProperties":{"isEnableJSContainerAndroid":false,"isModified":true,"isEnableJSContaineriOS":false,"isEnableJSContainer":false},"wap_android400_fontsize":"12","wap_spaandroidtabhdpi_fontsize":"12","appversionkey":"1.0.0","watchos_longlooknotificationicon_38":"","project.type":"js","startupformkey":"frmHome","wap_bb480_fontsize":"12","wap_winphone480_fontsize":"12","wap_android640_fontsize":"12","vendornamekey":"KonyLabs","wap_android320_fontsize":"12","createdgaversion":"6.9.0","watchos_notificationcentericon_38":"","enableactionbar":false,"watchos_shortlooknotificationicon_42":"","wap_android480_fontsize":"12","wap_winphone320_fontsize":"12","watchos_longlooknotificationicon_42":"","appmenu":{"tablet":{"data":[{"windows8":{"appBarButtonStyle":"No Style","position":"BOTTOM_LEFT"},"android":{"showAsFlag":0},"kuid":"9af10939f0074501ab6b00871ce538de","icon":{"default":"option1.png"},"id":"appmenuitemid1","title":"Item 1"},{"windows8":{"appBarButtonStyle":"No Style","position":"BOTTOM_LEFT"},"android":{"showAsFlag":0},"kuid":"e3af695920a94f1b8cbfee897a1a4afc","icon":{"default":"option2.png"},"id":"appmenuitemid2","title":"Item 2"},{"windows8":{"appBarButtonStyle":"No Style","position":"BOTTOM_LEFT"},"android":{"showAsFlag":0},"kuid":"f5abbbb8bed340bd85599b992d605901","icon":{"default":"option3.png"},"id":"appmenuitemid3","title":"Item 3"},{"windows8":{"appBarButtonStyle":"No Style","position":"BOTTOM_LEFT"},"android":{"showAsFlag":0},"kuid":"e91283beb2df42edae41823e6b3661ed","icon":{"default":"option4.png"},"id":"appmenuitemid4","title":"Item 4"}]},"desktop":{"data":[{"kuid":"78439756a0e84ba887b6c73a3dadaade","icon":{"default":"option1.png"},"id":"appmenuitemid1","title":"Item 1"},{"kuid":"704d22e73a2b4289900029c5a87d9222","icon":{"default":"option2.png"},"id":"appmenuitemid2","title":"Item 2"},{"kuid":"4b4389286d774c568d89641e3ad89189","icon":{"default":"option3.png"},"id":"appmenuitemid3","title":"Item 3"},{"kuid":"3a618fd9828341688f9aec6ca6720eee","icon":{"default":"option4.png"},"id":"appmenuitemid4","title":"Item 4"}]},"focusskin":null,"osVersion":"iOS7","wType":"Appmenu","focusSkin":null,"mobile":{"data":[{"android":{"showAsFlag":0},"kuid":"ec7a60bc66c04ecea58d7b957439abf5","icon":{"default":"option1.png"},"id":"appmenuitemid1","title":"Item 1"},{"android":{"showAsFlag":0},"kuid":"7911d0eb6516416aa959d0724f74f4be","icon":{"default":"option2.png"},"id":"appmenuitemid2","title":"Item 2"},{"android":{"showAsFlag":0},"kuid":"19c860f13fcd44e5a617454ef600950d","icon":{"default":"option3.png"},"id":"appmenuitemid3","title":"Item 3"},{"android":{"showAsFlag":0},"kuid":"8e880058717f4c5583906c5796277a00","icon":{"default":"option4.png"},"id":"appmenuitemid4","title":"Item 4"}]},"skin":null,"osPlatform":""},"wap_spaipad_fontsize":"12","mwportkey":"","mwhttpsportkey":"","wap_bb440_fontsize":"12","wap_bb400_fontsize":"12","appidkey":"VideoWidget","statusBarHidden":"false","wap_bb360_fontsize":"12","export.type":"studioviz","isNewAppWithRespectToAndroidPackageName":"","wap_spawindowstab_fontsize":"12","defaulttheme":"defaultTheme","watchos_shortlooknotificationicon_38":"","appaddrkey":"","appnamekey":"VideoWidget","currentgaversion":"7.3.0","wap_bb320_fontsize":"12","wap_bb240_fontsize":"12","desktopwebbasefontsize":"12","wap_android240_fontsize":"12","wap_spaandroidtabldpi_fontsize":"12","wap_spaandroidtabmdpi_fontsize":"12","konyVizVersion":"7.3.0","wap_spaandroidtab_fontsize":"12","winmobileguidkey":"","APPLICATION_THEME":"default","build":"debug","project_version":"sprint27","wap_ip_fontsize":"12","category":"app","createdVizVersion":"2.9.0"}