{
    "DNDConfig": null,
    "__parentReadjusting__": false,
    "_height_": {
        "type": "string",
        "value": "9%"
    },
    "_left_": {
        "type": "string",
        "value": "0%"
    },
    "_margin_": [
        0,
        0,
        0,
        0
    ],
    "_orientation_": 6,
    "_padding_": [
        0,
        0,
        0,
        0
    ],
    "_percent_": true,
    "_skin_": "s5734c1ad89248cfa397e0b5864ad0d7",
    "_top_": {
        "type": "string",
        "value": "35%"
    },
    "_width_": {
        "type": "string",
        "value": "100%"
    },
    "allboxes": [],
    "autogrowmode": 0,
    "canUpdateUI": true,
    "children": [
        "CopylblVideoApi05dc73aec0eaf43",
        "CopyLabel005059c480ccb4f",
        "imgVisibility"
    ],
    "clipbounds": true,
    "containerweight": 100,
    "enablescrolling": true,
    "id": "flxVisibility",
    "info": null,
    "isvisible": true,
    "kuid": "1d801b4383624cf9aff10dccb0452a31",
    "layouttype": 2,
    "name": "kony.ui.FlexContainer",
    "parent": "frmVisibility",
    "pf": "frmVisibility",
    "snapgridsize": 10,
    "snaptogrid": true,
    "wType": "FlexContainer",
    "widgetalignment": 1
}