{
    "@class": "com.kony.gen.viz.model.container.KVizScrollFlexForm",
    "DNDConfig": null,
    "_headers_": [
        {
            "DNDConfig": null,
            "Label029432494224144": {
                "@class": "com.kony.gen.viz.model.component.KVizLabel",
                "DNDConfig": null,
                "__parentReadjusting__": false,
                "_height_": {
                    "type": "string",
                    "value": "100%"
                },
                "_left_": {
                    "type": "string",
                    "value": "15%"
                },
                "_margin_": [
                    1,
                    1,
                    1,
                    1
                ],
                "_padding_": [
                    2,
                    0,
                    0,
                    0
                ],
                "_skin_": "s257151da8e140e293a2855e3eb10f3e",
                "_text_": "Video Visibility",
                "_top_": {
                    "type": "string",
                    "value": "0%"
                },
                "_width_": {
                    "type": "string",
                    "value": "85%"
                },
                "_wrapping_": 2,
                "android": {
                    "textStyle": {
                        "letterSpacing": 0,
                        "strikeThrough": false
                    }
                },
                "canUpdateUI": true,
                "containerId": true,
                "containerweight": 100,
                "contentalignment": 4,
                "id": "Label029432494224144",
                "info": null,
                "ipad": {
                    "psp": {
                        "wrapping": 2
                    }
                },
                "iphone": {
                    "psp": {
                        "wrapping": 2
                    }
                },
                "isvisible": true,
                "kuid": "9fea851f25d745d08fcc3198e2eddce7",
                "name": "kony.ui.Label",
                "paddinginpixel": false,
                "parent": "flxVideoVisibility",
                "pf": "tmpVideoVisisbility",
                "tooltip": "",
                "wType": "Label"
            },
            "_height_": {
                "type": "string",
                "value": "8%"
            },
            "_margin_": [
                0,
                0,
                0,
                0
            ],
            "_orientation_": 6,
            "_padding_": [
                0,
                0,
                0,
                0
            ],
            "_percent_": true,
            "_skin_": "sd59dfdf349a4ddfa32b0cbe302f497a",
            "allboxes": [],
            "android": {
                "render": true
            },
            "autogrowmode": 0,
            "canUpdateUI": true,
            "children": [
                "Label029432494224144",
                "flxBack"
            ],
            "clipbounds": true,
            "containerId": true,
            "containerweight": 100,
            "enablescrolling": true,
            "flxBack": {
                "DNDConfig": null,
                "Image03e3ed25a15264b": {
                    "@class": "com.kony.gen.viz.model.component.KVizImage2",
                    "DNDConfig": null,
                    "__parentReadjusting__": false,
                    "_base64_": null,
                    "_height_": {
                        "type": "string",
                        "value": "100%"
                    },
                    "_left_": {
                        "type": "string",
                        "value": "0%"
                    },
                    "_margin_": [
                        0,
                        0,
                        0,
                        0
                    ],
                    "_padding_": [
                        0,
                        0,
                        0,
                        0
                    ],
                    "_skin_": "sef8acc1fba847bb974fabf1e4daf92c",
                    "_src_": "back.png",
                    "_top_": {
                        "type": "string",
                        "value": "0%"
                    },
                    "_width_": {
                        "type": "string",
                        "value": "100%"
                    },
                    "canUpdateUI": true,
                    "containerId": true,
                    "containerweight": 100,
                    "context": {
                        "channel": "mobile",
                        "formID": "frmVisibility_header",
                        "platform": "android",
                        "templateType": "headers",
                        "topLevelBox": false
                    },
                    "id": "Image03e3ed25a15264b",
                    "imagescalemode": 1,
                    "info": null,
                    "invokedProperty": "src",
                    "isvisible": true,
                    "kuid": "c2ba6eaa382d4cf892bfab21b3ada91f",
                    "name": "kony.ui.Image2",
                    "parent": "flxBack",
                    "pf": "tmpVideoVisisbility",
                    "srcType": 1,
                    "wType": "Image",
                    "widgetalignment": 5
                },
                "__parentReadjusting__": false,
                "_height_": {
                    "type": "string",
                    "value": "100%"
                },
                "_left_": {
                    "type": "string",
                    "value": "0%"
                },
                "_margin_": [
                    0,
                    0,
                    0,
                    0
                ],
                "_orientation_": 6,
                "_padding_": [
                    0,
                    0,
                    0,
                    0
                ],
                "_percent_": true,
                "_skin_": "s0247eefb1dd4ff3ba64b6e13af3bd8f",
                "_top_": {
                    "type": "string",
                    "value": "0%"
                },
                "_width_": {
                    "type": "string",
                    "value": "15%"
                },
                "allboxes": [],
                "autogrowmode": 0,
                "canUpdateUI": true,
                "children": [
                    "Image03e3ed25a15264b"
                ],
                "clipbounds": true,
                "containerId": true,
                "containerweight": 100,
                "enablescrolling": true,
                "id": "flxBack",
                "ide_onClick": "AS_FlexContainer_abaab5c8d73843a0a391d32d89872ec2",
                "info": null,
                "isvisible": true,
                "kuid": "34f68f9c2b87428a9b1ca1b9eb95aae6",
                "layouttype": 2,
                "name": "kony.ui.FlexContainer",
                "parent": "flxVideoVisibility",
                "pf": "tmpVideoVisisbility",
                "snapgridsize": 10,
                "snaptogrid": true,
                "wType": "FlexContainer",
                "widgetalignment": 1,
                "zindex": 1
            },
            "genericProperties": {
                "render": true
            },
            "id": "flxVideoVisibility",
            "info": null,
            "iphone": {
                "render": false
            },
            "isvisible": true,
            "kuid": "2081302546d84d9ea4bbcf23d875ae20",
            "layouttype": 2,
            "name": "kony.ui.FlexContainer",
            "parent": "tmpVideoVisisbility",
            "pf": "tmpVideoVisisbility",
            "snapgridsize": 10,
            "snaptogrid": true,
            "spaan": {
                "render": true
            },
            "spabb": {
                "render": true
            },
            "spaip": {
                "render": true
            },
            "spawinphone8": {
                "render": true
            },
            "wType": "FlexContainer",
            "widgetalignment": 1,
            "winphone8": {
                "render": true
            }
        }
    ],
    "_margin_": [
        0,
        0,
        0,
        0
    ],
    "_orientation_": 1,
    "_padding_": [
        0,
        0,
        0,
        0
    ],
    "_percent_": true,
    "_skin_": "sc9828a5d148407e995bfa87461e8a09",
    "_title_": "Video Visibility",
    "addWidgetsdone": false,
    "allboxes": [],
    "android": {
        "needAppMenu": false,
        "titleBar": false
    },
    "canUpdateUI": true,
    "children": [
        "videoV",
        "flxVisibility"
    ],
    "containerweight": 100,
    "currentLocale": null,
    "desktopweb": {
        "needAppMenu": false
    },
    "device": "iPhone6",
    "displayorientation": 1,
    "enabledforidletimeout": false,
    "header": "frmVisibility_header",
    "headersId": "f0be0265bb8845f9ab44b664fe8d36d6",
    "id": "frmVisibility",
    "info": null,
    "initdone": false,
    "inputaccessoryviewtype": 4,
    "invokedProperty": "headers",
    "ipad": {
        "psp": {
            "inputAccessoryViewType": 4
        }
    },
    "iphone": {
        "needAppMenu": false,
        "psp": {
            "inputAccessoryViewType": 4,
            "titleBarConfig": {
                "buttonClosureLeftSideView": "",
                "buttonClosureRightSideView": "",
                "buttonText": "",
                "imageLeftSideView": "back.png",
                "leftButtonText": "",
                "leftTitle": "Back",
                "prevFormTitle": false,
                "renderTitleText": true,
                "rightTitle": "Edit",
                "titleBarLeftSideView": "button",
                "titleBarRightSideView": "button",
                "titleClosureLeftSideView": "",
                "titleClosureRightSideView": "",
                "visible": true
            }
        },
        "titleBar": true
    },
    "isvisible": true,
    "kuid": "eacfdfb10715406e8da217d565279ea9",
    "layouttype": 2,
    "name": "kony.ui.Form2",
    "needappmenu": true,
    "paddinginpixel": false,
    "platform": "iphone",
    "prevDevice": "GalaxyS5",
    "prevPlatform": "android",
    "retainscrollposition": false,
    "shellCSS": "iOS_iPhone6",
    "snapgridsize": 10,
    "snaptogrid": true,
    "spaan": {
        "needAppMenu": false
    },
    "spabb": {
        "needAppMenu": false
    },
    "spaip": {
        "needAppMenu": false
    },
    "spawinphone8": {
        "needAppMenu": false
    },
    "titleBarSkin": "see8d1cbf4114d48b1a3f204d29beabc",
    "titlebar": true,
    "type": 3,
    "wType": "Form",
    "winphone8": {
        "needAppMenu": false
    }
}