{
    "@class": "com.kony.gen.viz.model.container.KVizScrollFlexForm",
    "DNDConfig": null,
    "_headers_": [
        null
    ],
    "_margin_": [
        0,
        0,
        0,
        0
    ],
    "_orientation_": 1,
    "_padding_": [
        0,
        0,
        0,
        0
    ],
    "_percent_": true,
    "_skin_": "sc9828a5d148407e995bfa87461e8a09",
    "_title_": "Video Visibility",
    "addWidgetsdone": false,
    "allboxes": [],
    "android": {
        "needAppMenu": false,
        "titleBar": false
    },
    "canUpdateUI": true,
    "children": [
        "videoV",
        "flxVisibility"
    ],
    "containerweight": 100,
    "currentLocale": null,
    "desktopweb": {
        "needAppMenu": false
    },
    "device": "iPhone6",
    "displayorientation": 1,
    "enabledforidletimeout": false,
    "header": "frmVisibility_header",
    "headersId": "f0be0265bb8845f9ab44b664fe8d36d6",
    "id": "frmVisibility",
    "info": null,
    "initdone": false,
    "inputaccessoryviewtype": 4,
    "invokedProperty": "headers",
    "ipad": {
        "psp": {
            "inputAccessoryViewType": 4
        }
    },
    "iphone": {
        "needAppMenu": false,
        "psp": {
            "inputAccessoryViewType": 4,
            "titleBarConfig": {
                "buttonClosureLeftSideView": "",
                "buttonClosureRightSideView": "",
                "buttonText": "",
                "imageLeftSideView": "back.png",
                "leftButtonText": "",
                "leftTitle": "Back",
                "prevFormTitle": false,
                "renderTitleText": true,
                "rightTitle": "Edit",
                "titleBarLeftSideView": "button",
                "titleBarRightSideView": "button",
                "titleClosureLeftSideView": "",
                "titleClosureRightSideView": "",
                "visible": true
            }
        },
        "titleBar": true
    },
    "isvisible": true,
    "kuid": "eacfdfb10715406e8da217d565279ea9",
    "layouttype": 2,
    "name": "kony.ui.Form2",
    "needappmenu": true,
    "paddinginpixel": false,
    "platform": "iphone",
    "prevDevice": "GalaxyS5",
    "prevPlatform": "android",
    "retainscrollposition": false,
    "shellCSS": "iOS_iPhone6",
    "snapgridsize": 10,
    "snaptogrid": true,
    "spaan": {
        "needAppMenu": false
    },
    "spabb": {
        "needAppMenu": false
    },
    "spaip": {
        "needAppMenu": false
    },
    "spawinphone8": {
        "needAppMenu": false
    },
    "titleBarSkin": "see8d1cbf4114d48b1a3f204d29beabc",
    "titlebar": true,
    "type": 3,
    "wType": "Form",
    "winphone8": {
        "needAppMenu": false
    }
}