{
    "@class": "com.kony.gen.viz.model.component.KVizImage2",
    "DNDConfig": null,
    "__parentReadjusting__": false,
    "_base64_": null,
    "_height_": {
        "type": "string",
        "value": "100%"
    },
    "_left_": {
        "type": "string",
        "value": "80%"
    },
    "_margin_": [
        0,
        0,
        0,
        0
    ],
    "_padding_": [
        0,
        0,
        0,
        0
    ],
    "_skin_": "sef8acc1fba847bb974fabf1e4daf92c",
    "_src_": "switch_on.png",
    "_top_": {
        "type": "string",
        "value": "0%"
    },
    "_width_": {
        "type": "string",
        "value": "20%"
    },
    "canUpdateUI": true,
    "containerweight": 100,
    "context": {
        "channel": "mobile",
        "formID": "frmVisibility",
        "platform": "iphone",
        "templateType": "forms",
        "topLevelBox": null
    },
    "id": "imgVisibility",
    "ide_onTouchEnd": "AS_Image_2be82cb1da774bbf84922e4927d08b36",
    "imagescalemode": 1,
    "info": null,
    "invokedProperty": "src",
    "isvisible": true,
    "kuid": "ad3aa2f5ea734db9a761bdcc544ed09a",
    "name": "kony.ui.Image2",
    "parent": "flxVisibility",
    "pf": "frmVisibility",
    "srcType": 1,
    "wType": "Image",
    "widgetalignment": 5,
    "zindex": 2
}