{
    "@class": "com.kony.gen.viz.model.component.KVizButton",
    "DNDConfig": null,
    "__parentReadjusting__": false,
    "_height_": {
        "type": "string",
        "value": "9%"
    },
    "_left_": {
        "type": "string",
        "value": "22%"
    },
    "_margin_": [
        6,
        6,
        6,
        6
    ],
    "_padding_": [
        0,
        0,
        0,
        0
    ],
    "_render_": true,
    "_skin_": "s2826fd8b3a5405dabd8522b7439d841",
    "_text_": "Done",
    "_top_": {
        "type": "string",
        "value": "86%"
    },
    "_width_": {
        "type": "string",
        "value": "50%"
    },
    "android": {
        "render": true
    },
    "canUpdateUI": true,
    "containerweight": 100,
    "contentalignment": 5,
    "displaytext": true,
    "focusskin": "s937ea0a23084ff8afd3ce3165d5f9d7",
    "id": "btnDone",
    "ide_onClick": "AS_Button_bc8c2ed6397a4dc793da90bcbe1bf692",
    "info": null,
    "iphone": {
        "render": false
    },
    "isvisible": true,
    "kuid": "ad6790bad81d4db59689dfc49bf85405",
    "name": "kony.ui.Button",
    "parent": "frmVideoTypes",
    "pf": "frmVideoTypes",
    "spaan": {
        "render": true
    },
    "spabb": {
        "render": true
    },
    "spaip": {
        "render": false
    },
    "spawinphone8": {
        "render": true
    },
    "wType": "Button",
    "winphone8": {
        "render": true
    },
    "zindex": 1
}