{
    "@class": "com.kony.gen.viz.model.component.KVizButton",
    "DNDConfig": null,
    "__parentReadjusting__": false,
    "_height_": {
        "type": "string",
        "value": "10%"
    },
    "_left_": {
        "type": "string",
        "value": "0.05%"
    },
    "_margin_": [
        6,
        6,
        6,
        6
    ],
    "_padding_": [
        0,
        0,
        0,
        0
    ],
    "_render_": true,
    "_skin_": "s254945a3a85473199a4d697d7a63886",
    "_text_": "Done",
    "_top_": {
        "type": "string",
        "value": "90.00%"
    },
    "_width_": {
        "type": "string",
        "value": "100%"
    },
    "android": {
        "render": false
    },
    "canUpdateUI": true,
    "containerweight": 100,
    "contentalignment": 5,
    "displaytext": true,
    "focusskin": "s322c290c9dc4b31ad63c21797ce6de3",
    "id": "Button0b9be571094844e",
    "ide_onClick": "AS_Button_f784d9ea97cc49f5ba1dc63e808316f8",
    "info": null,
    "iphone": {
        "render": true
    },
    "isvisible": true,
    "kuid": "f0e7ebb2b1684915bf09c6c8581d426d",
    "name": "kony.ui.Button",
    "onclick": "AS_Button_f784d9ea97cc49f5ba1dc63e808316f8",
    "parent": "frmVideoTypes",
    "pf": "frmVideoTypes",
    "spaan": {
        "render": false
    },
    "spabb": {
        "render": false
    },
    "spaip": {
        "render": true
    },
    "spawinphone8": {
        "render": false
    },
    "wType": "Button",
    "winphone8": {
        "render": false
    },
    "zindex": 100
}