{
    "@class": "com.kony.gen.viz.model.container.KVizScrollFlexForm",
    "DNDConfig": null,
    "_headers_": [
        {
            "DNDConfig": null,
            "Label029432494224144": {
                "@class": "com.kony.gen.viz.model.component.KVizLabel",
                "DNDConfig": null,
                "__parentReadjusting__": false,
                "_height_": {
                    "type": "string",
                    "value": "100%"
                },
                "_left_": {
                    "type": "string",
                    "value": "15%"
                },
                "_margin_": [
                    1,
                    1,
                    1,
                    1
                ],
                "_padding_": [
                    2,
                    0,
                    0,
                    0
                ],
                "_skin_": "s257151da8e140e293a2855e3eb10f3e",
                "_text_": "Video Type",
                "_top_": {
                    "type": "string",
                    "value": "0%"
                },
                "_width_": {
                    "type": "string",
                    "value": "85%"
                },
                "_wrapping_": 2,
                "android": {
                    "textStyle": {
                        "letterSpacing": 0,
                        "strikeThrough": false
                    }
                },
                "canUpdateUI": true,
                "containerId": true,
                "containerweight": 100,
                "contentalignment": 4,
                "id": "Label029432494224144",
                "info": null,
                "ipad": {
                    "psp": {
                        "wrapping": 2
                    }
                },
                "iphone": {
                    "psp": {
                        "wrapping": 2
                    }
                },
                "isvisible": true,
                "kuid": "deb86861bcf54820b5ce26e710271e9b",
                "name": "kony.ui.Label",
                "paddinginpixel": false,
                "parent": "flxVideoTypes",
                "pf": "tmpVideoTypes",
                "tooltip": "",
                "wType": "Label"
            },
            "_height_": {
                "type": "string",
                "value": "10%"
            },
            "_margin_": [
                0,
                0,
                0,
                0
            ],
            "_orientation_": 6,
            "_padding_": [
                0,
                0,
                0,
                0
            ],
            "_percent_": true,
            "_skin_": "sd59dfdf349a4ddfa32b0cbe302f497a",
            "allboxes": [],
            "android": {
                "render": true
            },
            "autogrowmode": 0,
            "canUpdateUI": true,
            "children": [
                "Label029432494224144",
                "flxBack"
            ],
            "clipbounds": true,
            "containerId": true,
            "containerweight": 100,
            "enablescrolling": true,
            "flxBack": {
                "DNDConfig": null,
                "Image03e3ed25a15264b": {
                    "@class": "com.kony.gen.viz.model.component.KVizImage2",
                    "DNDConfig": null,
                    "__parentReadjusting__": false,
                    "_base64_": null,
                    "_height_": {
                        "type": "string",
                        "value": "100%"
                    },
                    "_left_": {
                        "type": "string",
                        "value": "0%"
                    },
                    "_margin_": [
                        0,
                        0,
                        0,
                        0
                    ],
                    "_padding_": [
                        0,
                        0,
                        0,
                        0
                    ],
                    "_skin_": "sef8acc1fba847bb974fabf1e4daf92c",
                    "_src_": "imagedrag.png",
                    "_top_": {
                        "type": "string",
                        "value": "0%"
                    },
                    "_width_": {
                        "type": "string",
                        "value": "100%"
                    },
                    "canUpdateUI": true,
                    "containerId": true,
                    "containerweight": 100,
                    "context": {
                        "channel": "mobile",
                        "formID": "frmVideoTypes_header",
                        "platform": "iphone",
                        "templateType": "headers",
                        "topLevelBox": false
                    },
                    "id": "Image03e3ed25a15264b",
                    "imagescalemode": 1,
                    "info": null,
                    "isvisible": true,
                    "kuid": "471d2d1472464c879aed0008635323f2",
                    "name": "kony.ui.Image2",
                    "parent": "flxBack",
                    "pf": "tmpVideoTypes",
                    "srcType": 1,
                    "wType": "Image",
                    "widgetalignment": 5
                },
                "__parentReadjusting__": false,
                "_height_": {
                    "type": "string",
                    "value": "100%"
                },
                "_left_": {
                    "type": "string",
                    "value": "0%"
                },
                "_margin_": [
                    0,
                    0,
                    0,
                    0
                ],
                "_orientation_": 6,
                "_padding_": [
                    0,
                    0,
                    0,
                    0
                ],
                "_percent_": true,
                "_skin_": "s0247eefb1dd4ff3ba64b6e13af3bd8f",
                "_top_": {
                    "type": "string",
                    "value": "0%"
                },
                "_width_": {
                    "type": "string",
                    "value": "15%"
                },
                "allboxes": [],
                "autogrowmode": 0,
                "canUpdateUI": true,
                "children": [
                    "Image03e3ed25a15264b"
                ],
                "clipbounds": true,
                "containerId": true,
                "containerweight": 100,
                "enablescrolling": true,
                "id": "flxBack",
                "info": null,
                "isvisible": true,
                "kuid": "d19b2a1b3ff54d51b154a2c993f3e493",
                "layouttype": 2,
                "name": "kony.ui.FlexContainer",
                "parent": "flxVideoTypes",
                "pf": "tmpVideoTypes",
                "snapgridsize": 10,
                "snaptogrid": true,
                "wType": "FlexContainer",
                "widgetalignment": 1,
                "zindex": 1
            },
            "genericProperties": {
                "render": true
            },
            "id": "flxVideoTypes",
            "info": null,
            "iphone": {
                "render": false
            },
            "isvisible": true,
            "kuid": "78cf995955ae44e396221792f42a276f",
            "layouttype": 2,
            "name": "kony.ui.FlexContainer",
            "parent": "tmpVideoTypes",
            "pf": "tmpVideoTypes",
            "snapgridsize": 10,
            "snaptogrid": true,
            "spaan": {
                "render": true
            },
            "spabb": {
                "render": true
            },
            "spaip": {
                "render": true
            },
            "spawinphone8": {
                "render": true
            },
            "wType": "FlexContainer",
            "widgetalignment": 1,
            "winphone8": {
                "render": true
            }
        }
    ],
    "_margin_": [
        0,
        0,
        0,
        0
    ],
    "_orientation_": 1,
    "_padding_": [
        0,
        0,
        0,
        0
    ],
    "_percent_": true,
    "_skin_": "s94e4ed52f8a4fa481daf7b769a6e944",
    "_title_": "Video Types",
    "addWidgetsdone": false,
    "allboxes": [],
    "android": {
        "needAppMenu": false,
        "titleBar": false
    },
    "canUpdateUI": true,
    "children": [
        "btnDone",
        "ListBox0c9547a06dc2b4b",
        "flxOriginal",
        "flxSupported",
        "Button0b9be571094844e"
    ],
    "containerweight": 100,
    "currentLocale": null,
    "desktopweb": {
        "needAppMenu": false
    },
    "device": "iPhone6",
    "displayorientation": 1,
    "enabledforidletimeout": false,
    "header": "frmVideoTypes_header",
    "headersId": "6295e1c0b69345aca0d134991839b57a",
    "id": "frmVideoTypes",
    "ide_postShow": "AS_Form_852fea80c47d4cc490d4ecb38d5f58e0",
    "info": null,
    "initdone": false,
    "inputaccessoryviewtype": 4,
    "invokedProperty": "headers",
    "ipad": {
        "psp": {
            "inputAccessoryViewType": 4
        }
    },
    "iphone": {
        "needAppMenu": false,
        "psp": {
            "inputAccessoryViewType": 4,
            "titleBarConfig": {
                "buttonClosureLeftSideView": "",
                "buttonClosureRightSideView": "",
                "buttonText": "Edit",
                "imageLeftSideView": "back.png",
                "leftButtonText": "",
                "leftTitle": "Back",
                "prevFormTitle": false,
                "renderTitleText": true,
                "rightTitle": "Edit",
                "titleBarLeftSideView": "button",
                "titleBarRightSideView": "none",
                "titleClosureLeftSideView": "",
                "titleClosureRightSideView": "",
                "visible": true
            }
        },
        "titleBar": true
    },
    "isvisible": true,
    "kuid": "6d6b920883024947b73cf9e0d4f1a104",
    "layouttype": 2,
    "name": "kony.ui.Form2",
    "needappmenu": true,
    "paddinginpixel": false,
    "platform": "iphone",
    "prevDevice": "GalaxyS5",
    "prevPlatform": "android",
    "retainscrollposition": false,
    "shellCSS": "iOS_iPhone6",
    "snapgridsize": 10,
    "snaptogrid": true,
    "spaan": {
        "needAppMenu": false
    },
    "spabb": {
        "needAppMenu": false
    },
    "spaip": {
        "needAppMenu": false
    },
    "spawinphone8": {
        "needAppMenu": false
    },
    "titleBarSkin": "s16d5c0907ad49498db349f5cc3d36d4",
    "titlebar": true,
    "type": 3,
    "wType": "Form",
    "winphone8": {
        "needAppMenu": false
    }
}