{
    "@class": "com.kony.gen.viz.model.container.KVizScrollFlexForm",
    "DNDConfig": null,
    "_headers_": [
        null
    ],
    "_margin_": [
        0,
        0,
        0,
        0
    ],
    "_orientation_": 1,
    "_padding_": [
        0,
        0,
        0,
        0
    ],
    "_percent_": true,
    "_skin_": "s94e4ed52f8a4fa481daf7b769a6e944",
    "_title_": "Video Types",
    "addWidgetsdone": false,
    "allboxes": [],
    "android": {
        "needAppMenu": false,
        "titleBar": false
    },
    "canUpdateUI": true,
    "children": [
        "btnDone",
        "ListBox0c9547a06dc2b4b",
        "flxOriginal",
        "flxSupported",
        "Button0b9be571094844e"
    ],
    "containerweight": 100,
    "currentLocale": null,
    "desktopweb": {
        "needAppMenu": false
    },
    "device": "iPhone6",
    "displayorientation": 1,
    "enabledforidletimeout": false,
    "header": "frmVideoTypes_header",
    "headersId": "6295e1c0b69345aca0d134991839b57a",
    "id": "frmVideoTypes",
    "ide_postShow": "AS_Form_852fea80c47d4cc490d4ecb38d5f58e0",
    "info": null,
    "initdone": false,
    "inputaccessoryviewtype": 4,
    "invokedProperty": "headers",
    "ipad": {
        "psp": {
            "inputAccessoryViewType": 4
        }
    },
    "iphone": {
        "needAppMenu": false,
        "psp": {
            "inputAccessoryViewType": 4,
            "titleBarConfig": {
                "buttonClosureLeftSideView": "",
                "buttonClosureRightSideView": "",
                "buttonText": "Edit",
                "imageLeftSideView": "back.png",
                "leftButtonText": "",
                "leftTitle": "Back",
                "prevFormTitle": false,
                "renderTitleText": true,
                "rightTitle": "Edit",
                "titleBarLeftSideView": "button",
                "titleBarRightSideView": "none",
                "titleClosureLeftSideView": "",
                "titleClosureRightSideView": "",
                "visible": true
            }
        },
        "titleBar": true
    },
    "isvisible": true,
    "kuid": "6d6b920883024947b73cf9e0d4f1a104",
    "layouttype": 2,
    "name": "kony.ui.Form2",
    "needappmenu": true,
    "paddinginpixel": false,
    "platform": "iphone",
    "postshow": "AS_Form_852fea80c47d4cc490d4ecb38d5f58e0",
    "prevDevice": "GalaxyS5",
    "prevPlatform": "android",
    "retainscrollposition": false,
    "shellCSS": "iOS_iPhone6",
    "snapgridsize": 10,
    "snaptogrid": true,
    "spaan": {
        "needAppMenu": false
    },
    "spabb": {
        "needAppMenu": false
    },
    "spaip": {
        "needAppMenu": false
    },
    "spawinphone8": {
        "needAppMenu": false
    },
    "titleBarSkin": "s16d5c0907ad49498db349f5cc3d36d4",
    "titlebar": true,
    "type": 3,
    "wType": "Form",
    "winphone8": {
        "needAppMenu": false
    }
}