{
    "@class": "com.kony.gen.viz.model.component.KVizListBox",
    "DNDConfig": null,
    "__parentReadjusting__": false,
    "_height_": {
        "type": "string",
        "value": "6%"
    },
    "_left_": {
        "type": "string",
        "value": "17.97%"
    },
    "_margin_": [
        0,
        0,
        0,
        0
    ],
    "_padding_": [
        2,
        0,
        0,
        0
    ],
    "_skin_": "s0213d5f183c4ea986588919b1e7b9c3",
    "_top_": {
        "type": "string",
        "value": "70.02%"
    },
    "_width_": {
        "type": "string",
        "value": "60%"
    },
    "android": {
        "psp": {
            "placeholder": "Select Format"
        },
        "viewType": 0
    },
    "canUpdateUI": true,
    "containerweight": 100,
    "contentalignment": 4,
    "context": {
        "channel": "mobile",
        "formID": "frmVideoTypes",
        "ispercent": "",
        "platform": "iphone",
        "templateType": "forms",
        "topLevelBox": null
    },
    "groupcells": false,
    "id": "ListBox0c9547a06dc2b4b",
    "info": null,
    "iphone": {
        "psp": {
            "placeholder": ""
        }
    },
    "isvisible": true,
    "kuid": "66fbc958fec34bc3ba99c6e385fad658",
    "masterdata": [
        [
            "MP4",
            "MP4"
        ],
        [
            "MOV",
            "MOV"
        ]
    ],
    "name": "kony.ui.ListBox",
    "paddinginpixel": false,
    "parent": "frmVideoTypes",
    "pf": "frmVideoTypes",
    "selectedkeys": null,
    "selectedkeyvalue": null,
    "selectedkeyvalues": null,
    "size": 18,
    "viewtype": 0,
    "wType": "ListBox",
    "zindex": 1
}