{
    "@class": "com.kony.gen.viz.model.component.KVizVideo",
    "DNDConfig": null,
    "__parentReadjusting__": false,
    "_controls_": true,
    "_height_": {
        "type": "string",
        "value": "100%"
    },
    "_left_": {
        "type": "string",
        "value": "0dp"
    },
    "_margin_": [
        0,
        0,
        0,
        0
    ],
    "_padding_": [
        0,
        0,
        0,
        0
    ],
    "_poster_": "defvideoposter.png",
    "_skin_": "s70de28f5aea455189a7e9279363c33f",
    "_text_": "Video",
    "_top_": {
        "type": "string",
        "value": "0dp"
    },
    "_volume_": 1,
    "_width_": {
        "type": "string",
        "value": "100%"
    },
    "canUpdateUI": true,
    "containerweight": 100,
    "desktopweb": {
        "psp": {
            "render": true
        }
    },
    "id": "videoType",
    "info": null,
    "isvisible": true,
    "kiosk": {
        "render": false
    },
    "kuid": "f1ac1b6fe88940b4a3af4bf66b449be9",
    "name": "kony.ui.Video",
    "parent": "flxSupported",
    "pf": "frmVideoTypes",
    "spa": {
        "psp": {
            "render": true
        }
    },
    "wType": "Video",
    "watchos": {
        "render": false
    },
    "windows8": {
        "render": false
    },
    "winphone8": {
        "render": false
    },
    "zindex": 4
}