{
    "@class": "com.kony.gen.viz.model.component.KVizVideo",
    "DNDConfig": null,
    "__parentReadjusting__": false,
    "_controls_": true,
    "_height_": {
        "type": "string",
        "value": "100%"
    },
    "_left_": {
        "type": "string",
        "value": "0%"
    },
    "_margin_": [
        0,
        0,
        0,
        0
    ],
    "_padding_": [
        0,
        0,
        0,
        0
    ],
    "_poster_": "defvideoposter.png",
    "_skin_": "s70de28f5aea455189a7e9279363c33f",
    "_source_": {
        "mp4": "http://www.quirksmode.org/html5/videos/big_buck_bunny.mp4"
    },
    "_text_": "Video",
    "_top_": {
        "type": "string",
        "value": "0%"
    },
    "_volume_": 1,
    "_width_": {
        "type": "string",
        "value": "100%"
    },
    "canUpdateUI": true,
    "containerweight": 100,
    "desktopweb": {
        "psp": {
            "render": true
        }
    },
    "id": "Video0240c1dbe7d8640",
    "info": null,
    "isvisible": true,
    "kiosk": {
        "render": false
    },
    "kuid": "1229260115b84824ac6a00ef1ca51809",
    "mp4": "http://www.quirksmode.org/html5/videos/big_buck_bunny.mp4",
    "name": "kony.ui.Video",
    "parent": "flxOriginal",
    "pf": "frmVideoTypes",
    "spa": {
        "psp": {
            "render": true
        }
    },
    "wType": "Video",
    "watchos": {
        "render": false
    },
    "windows8": {
        "render": false
    },
    "winphone8": {
        "render": false
    }
}