{
  "android": {
    "font_size": 148,
    "isForked": false
  },
  "background_color": "2a343dff",
  "bg_type": "one",
  "desktopweb": {
    "font_size": 148,
    "isForked": false
  },
  "fontSizeInPx": false,
  "font_color": "faf5fa",
  "font_name": "Arial, Helvetica, sans-serif",
  "font_size": 148,
  "font_weight": "normal",
  "ipad": {
    "font_size": 148,
    "isForked": false
  },
  "iphone": {
    "font_size": 148,
    "isForked": false
  },
  "isDefaultSkin": false,
  "kiosk": {
    "font_size": 148,
    "isForked": false
  },
  "kuid": "s85ed1c46f6c485385da60061e6c3326",
  "spaan": {
    "font_size": 148,
    "isForked": false
  },
  "spaandroidtablet": {
    "font_size": 148,
    "isForked": false
  },
  "spabb": {
    "font_size": 148,
    "isForked": false
  },
  "spaip": {
    "font_size": 148,
    "isForked": false
  },
  "spaipad": {
    "font_size": 148,
    "isForked": false
  },
  "spawindowstablet": {
    "font_size": 148,
    "isForked": false
  },
  "spawinphone8": {
    "font_size": 148,
    "isForked": false
  },
  "tabrcandroid": {
    "font_size": 148,
    "isForked": false
  },
  "wType": "TitleBar",
  "watchos": {
    "font_size": 148,
    "isForked": false
  },
  "windows8": {
    "font_size": 148,
    "isForked": false
  },
  "winphone8": {
    "font_size": 148,
    "isForked": false
  }
}