{
  "android": {
    "font_size": 128,
    "isForked": false
  },
  "background_color": "2b353fff",
  "bg_type": "one",
  "desktopweb": {
    "font_size": 128,
    "isForked": false
  },
  "fontSizeInPx": false,
  "font_color": "faf5fa",
  "font_name": "Arial, Helvetica, sans-serif",
  "font_size": 128,
  "font_weight": "normal",
  "ipad": {
    "font_size": 128,
    "isForked": false
  },
  "iphone": {
    "font_size": 128,
    "isForked": false
  },
  "isDefaultSkin": false,
  "kiosk": {
    "font_size": 128,
    "isForked": false
  },
  "kuid": "sd1caf5ba1c7465f8ce89bd606e00ebd",
  "spaan": {
    "font_size": 128,
    "isForked": false
  },
  "spaandroidtablet": {
    "font_size": 128,
    "isForked": false
  },
  "spabb": {
    "font_size": 128,
    "isForked": false
  },
  "spaip": {
    "font_size": 128,
    "isForked": false
  },
  "spaipad": {
    "font_size": 128,
    "isForked": false
  },
  "spawindowstablet": {
    "font_size": 128,
    "isForked": false
  },
  "spawinphone8": {
    "font_size": 128,
    "isForked": false
  },
  "tabrcandroid": {
    "font_size": 128,
    "isForked": false
  },
  "wType": "TitleBar",
  "watchos": {
    "font_size": 128,
    "isForked": false
  },
  "windows8": {
    "font_size": 128,
    "isForked": false
  },
  "winphone8": {
    "font_size": 128,
    "isForked": false
  }
}