{
  "android": {
    "background_color": "f5f5faff",
    "bg_type": "one",
    "isForked": true
  },
  "background_color": "b5b5b6ff",
  "bg_type": "one",
  "border_color": "979797ff",
  "border_style": "plain",
  "border_type": 0,
  "border_width": 1,
  "desktopweb": {
    "background_color": "f5f5faff",
    "bg_type": "one",
    "bottom_left_border_color": "979797ff",
    "bottom_left_border_style": "plain",
    "bottom_left_border_width": 1,
    "bottom_right_border_color": "979797ff",
    "bottom_right_border_style": "plain",
    "bottom_right_border_width": 1,
    "isForked": true,
    "top_left_border_color": "979797ff",
    "top_left_border_style": "plain",
    "top_left_border_width": 1,
    "top_right_border_color": "979797ff",
    "top_right_border_style": "plain",
    "top_right_border_width": 1
  },
  "font_color": "000000ff",
  "font_name": "Helvetica",
  "font_size": 118,
  "font_style": "normal",
  "font_weight": "normal",
  "ipad": {
    "background_color": "f5f5faff",
    "bg_type": "one",
    "isForked": true
  },
  "iphone": {
    "background_color": "f5f5faff",
    "bg_type": "one",
    "isForked": true
  },
  "isDefaultSkin": false,
  "kiosk": {
    "background_color": "f5f5faff",
    "bg_type": "one",
    "isForked": true
  },
  "kuid": "s0c2949657e94cc893b47a616af247e6",
  "spaan": {
    "background_color": "f5f5faff",
    "bg_type": "one",
    "bottom_left_border_color": "979797ff",
    "bottom_left_border_style": "plain",
    "bottom_left_border_width": 1,
    "bottom_right_border_color": "979797ff",
    "bottom_right_border_style": "plain",
    "bottom_right_border_width": 1,
    "isForked": true,
    "top_left_border_color": "979797ff",
    "top_left_border_style": "plain",
    "top_left_border_width": 1,
    "top_right_border_color": "979797ff",
    "top_right_border_style": "plain",
    "top_right_border_width": 1
  },
  "spaandroidtablet": {
    "background_color": "f5f5faff",
    "bg_type": "one",
    "bottom_left_border_color": "979797ff",
    "bottom_left_border_style": "plain",
    "bottom_left_border_width": 1,
    "bottom_right_border_color": "979797ff",
    "bottom_right_border_style": "plain",
    "bottom_right_border_width": 1,
    "isForked": true,
    "top_left_border_color": "979797ff",
    "top_left_border_style": "plain",
    "top_left_border_width": 1,
    "top_right_border_color": "979797ff",
    "top_right_border_style": "plain",
    "top_right_border_width": 1
  },
  "spabb": {
    "background_color": "f5f5faff",
    "bg_type": "one",
    "bottom_left_border_color": "979797ff",
    "bottom_left_border_style": "plain",
    "bottom_left_border_width": 1,
    "bottom_right_border_color": "979797ff",
    "bottom_right_border_style": "plain",
    "bottom_right_border_width": 1,
    "isForked": true,
    "top_left_border_color": "979797ff",
    "top_left_border_style": "plain",
    "top_left_border_width": 1,
    "top_right_border_color": "979797ff",
    "top_right_border_style": "plain",
    "top_right_border_width": 1
  },
  "spaip": {
    "background_color": "f5f5faff",
    "bg_type": "one",
    "bottom_left_border_color": "979797ff",
    "bottom_left_border_style": "plain",
    "bottom_left_border_width": 1,
    "bottom_right_border_color": "979797ff",
    "bottom_right_border_style": "plain",
    "bottom_right_border_width": 1,
    "isForked": true,
    "top_left_border_color": "979797ff",
    "top_left_border_style": "plain",
    "top_left_border_width": 1,
    "top_right_border_color": "979797ff",
    "top_right_border_style": "plain",
    "top_right_border_width": 1
  },
  "spaipad": {
    "background_color": "f5f5faff",
    "bg_type": "one",
    "bottom_left_border_color": "979797ff",
    "bottom_left_border_style": "plain",
    "bottom_left_border_width": 1,
    "bottom_right_border_color": "979797ff",
    "bottom_right_border_style": "plain",
    "bottom_right_border_width": 1,
    "isForked": true,
    "top_left_border_color": "979797ff",
    "top_left_border_style": "plain",
    "top_left_border_width": 1,
    "top_right_border_color": "979797ff",
    "top_right_border_style": "plain",
    "top_right_border_width": 1
  },
  "spawindowstablet": {
    "background_color": "f5f5faff",
    "bg_type": "one",
    "bottom_left_border_color": "979797ff",
    "bottom_left_border_style": "plain",
    "bottom_left_border_width": 1,
    "bottom_right_border_color": "979797ff",
    "bottom_right_border_style": "plain",
    "bottom_right_border_width": 1,
    "isForked": true,
    "top_left_border_color": "979797ff",
    "top_left_border_style": "plain",
    "top_left_border_width": 1,
    "top_right_border_color": "979797ff",
    "top_right_border_style": "plain",
    "top_right_border_width": 1
  },
  "spawinphone8": {
    "background_color": "f5f5faff",
    "bg_type": "one",
    "bottom_left_border_color": "979797ff",
    "bottom_left_border_style": "plain",
    "bottom_left_border_width": 1,
    "bottom_right_border_color": "979797ff",
    "bottom_right_border_style": "plain",
    "bottom_right_border_width": 1,
    "isForked": true,
    "top_left_border_color": "979797ff",
    "top_left_border_style": "plain",
    "top_left_border_width": 1,
    "top_right_border_color": "979797ff",
    "top_right_border_style": "plain",
    "top_right_border_width": 1
  },
  "tabrcandroid": {
    "background_color": "f5f5faff",
    "bg_type": "one",
    "isForked": true
  },
  "wType": "Slider",
  "windows8": {
    "background_color": "f5f5faff",
    "bg_type": "one",
    "isForked": true
  },
  "winphone8": {
    "background_color": "f5f5faff",
    "bg_type": "one",
    "isForked": true
  }
}