{
  "android": {
    "font_size": 150,
    "isForked": false
  },
  "background_color": "00a2d9ff",
  "bg_type": "one",
  "border_color": "000000ff",
  "border_style": "plain",
  "border_type": 0,
  "border_width": 0,
  "desktopweb": {
    "font_size": 150,
    "isForked": false
  },
  "fontSizeInPx": false,
  "font_color": "f7f7f7ff",
  "font_name": "Helvetica",
  "font_size": 150,
  "font_style": "normal",
  "font_weight": "normal",
  "ipad": {
    "font_size": 150,
    "isForked": false
  },
  "iphone": {
    "font_size": 150,
    "isForked": false
  },
  "isDefaultSkin": false,
  "kiosk": {
    "font_size": 150,
    "isForked": false
  },
  "kuid": "sd0ad383ee3c4be9ba3fae9aba66a2e1",
  "spaan": {
    "font_size": 150,
    "isForked": false
  },
  "spaandroidtablet": {
    "font_size": 150,
    "isForked": false
  },
  "spabb": {
    "font_size": 150,
    "isForked": false
  },
  "spaip": {
    "font_size": 150,
    "isForked": false
  },
  "spaipad": {
    "font_size": 150,
    "isForked": false
  },
  "spawindowstablet": {
    "font_size": 150,
    "isForked": false
  },
  "spawinphone8": {
    "font_size": 150,
    "isForked": false
  },
  "tabrcandroid": {
    "font_size": 150,
    "isForked": false
  },
  "wType": "Camera",
  "watchos": {
    "font_size": 150,
    "isForked": false
  },
  "windows8": {
    "font_size": 150,
    "isForked": false
  },
  "winphone8": {
    "font_size": 150,
    "isForked": false
  }
}