{
    "DNDConfig": null,
    "__parentReadjusting__": false,
    "_height_": {
        "type": "string",
        "value": "10%"
    },
    "_left_": {
        "type": "string",
        "value": "0%"
    },
    "_margin_": [
        0,
        0,
        0,
        0
    ],
    "_orientation_": 6,
    "_padding_": [
        0,
        0,
        0,
        0
    ],
    "_percent_": true,
    "_skin_": "s5734c1ad89248cfa397e0b5864ad0d7",
    "_top_": {
        "type": "string",
        "value": "0%"
    },
    "_width_": {
        "type": "string",
        "value": "100%"
    },
    "allboxes": [],
    "autogrowmode": 0,
    "canUpdateUI": true,
    "children": [
        "lblVideoApi",
        "Label0953fc05d330a43"
    ],
    "clipbounds": true,
    "containerweight": 100,
    "enablescrolling": true,
    "id": "flxHomeVideoApi",
    "ide_onClick": "AS_FlexContainer_b3a9b83fc5b442148781be04137b4b48",
    "info": null,
    "isvisible": true,
    "kuid": "a8ede759f4674dd6ade2bb678e47e439",
    "layouttype": 2,
    "name": "kony.ui.FlexContainer",
    "parent": "flxStartup",
    "pf": "frmHome",
    "snapgridsize": 10,
    "snaptogrid": true,
    "wType": "FlexContainer",
    "widgetalignment": 1
}