{
    "DNDConfig": null,
    "__parentReadjusting__": false,
    "_height_": {
        "type": "string",
        "value": "10%"
    },
    "_left_": {
        "type": "string",
        "value": "0%"
    },
    "_margin_": [
        0,
        0,
        0,
        0
    ],
    "_orientation_": 6,
    "_padding_": [
        0,
        0,
        0,
        0
    ],
    "_percent_": true,
    "_skin_": "s5734c1ad89248cfa397e0b5864ad0d7",
    "_top_": {
        "type": "string",
        "value": "40%"
    },
    "_width_": {
        "type": "string",
        "value": "100%"
    },
    "allboxes": [],
    "autogrowmode": 0,
    "canUpdateUI": true,
    "children": [
        "CopylblVideoApi02272d05300684d",
        "CopyLabel0afa8306119f946"
    ],
    "clipbounds": true,
    "containerweight": 100,
    "enablescrolling": true,
    "id": "flxRawBytes",
    "ide_onClick": "AS_FlexContainer_454f0b9a4b6c4559b11d5833706d196a",
    "info": null,
    "isvisible": true,
    "kuid": "a96a331984124372bd3209f561968f13",
    "layouttype": 2,
    "name": "kony.ui.FlexContainer",
    "parent": "flxStartup",
    "pf": "frmHome",
    "snapgridsize": 10,
    "snaptogrid": true,
    "wType": "FlexContainer",
    "widgetalignment": 1
}