{
    "DNDConfig": null,
    "__parentReadjusting__": false,
    "_height_": {
        "type": "string",
        "value": "10%"
    },
    "_left_": {
        "type": "string",
        "value": "0%"
    },
    "_margin_": [
        0,
        0,
        0,
        0
    ],
    "_orientation_": 6,
    "_padding_": [
        0,
        0,
        0,
        0
    ],
    "_percent_": true,
    "_skin_": "s5734c1ad89248cfa397e0b5864ad0d7",
    "_top_": {
        "type": "string",
        "value": "20%"
    },
    "_width_": {
        "type": "string",
        "value": "100%"
    },
    "allboxes": [],
    "autogrowmode": 0,
    "canUpdateUI": true,
    "children": [
        "CopylblVideoApi05dc73aec0eaf43",
        "CopyLabel005059c480ccb4f"
    ],
    "clipbounds": true,
    "containerweight": 100,
    "enablescrolling": true,
    "id": "flxVisibility",
    "ide_onClick": "AS_FlexContainer_d4f97c2ac1f14eddb13f5ac2583535d9",
    "info": null,
    "isvisible": true,
    "kuid": "1b18107033cf4d4095faf8d7e3c1cedf",
    "layouttype": 2,
    "name": "kony.ui.FlexContainer",
    "onclick": "AS_FlexContainer_d4f97c2ac1f14eddb13f5ac2583535d9",
    "parent": "flxStartup",
    "pf": "frmHome",
    "snapgridsize": 10,
    "snaptogrid": true,
    "wType": "FlexContainer",
    "widgetalignment": 1
}