{
    "@class": "com.kony.gen.viz.model.container.KVizScrollFlexForm",
    "DNDConfig": null,
    "_headers_": [
        {
            "DNDConfig": null,
            "Label0be236450549244": {
                "@class": "com.kony.gen.viz.model.component.KVizLabel",
                "DNDConfig": null,
                "__parentReadjusting__": false,
                "_height_": {
                    "type": "string",
                    "value": "100%"
                },
                "_left_": {
                    "type": "string",
                    "value": "0%"
                },
                "_margin_": [
                    1,
                    1,
                    1,
                    1
                ],
                "_padding_": [
                    5,
                    0,
                    0,
                    0
                ],
                "_skin_": "sfd3651d44694376b54d59b2625d6b14",
                "_text_": "Video  Widget",
                "_top_": {
                    "type": "string",
                    "value": "6%"
                },
                "_width_": {
                    "type": "string",
                    "value": "100%"
                },
                "_wrapping_": 2,
                "android": {
                    "textStyle": {
                        "letterSpacing": 0,
                        "strikeThrough": false
                    }
                },
                "canUpdateUI": true,
                "containerId": true,
                "containerweight": 100,
                "contentalignment": 4,
                "id": "Label0be236450549244",
                "info": null,
                "ipad": {
                    "psp": {
                        "wrapping": 2
                    }
                },
                "iphone": {
                    "psp": {
                        "wrapping": 2
                    }
                },
                "isvisible": true,
                "kuid": "a7ace5502bdf43ee8a88c82f5a1c295e",
                "name": "kony.ui.Label",
                "paddinginpixel": false,
                "parent": "flxHome",
                "pf": "tmpHome",
                "tooltip": "",
                "wType": "Label"
            },
            "_height_": {
                "type": "string",
                "value": "10%"
            },
            "_margin_": [
                0,
                0,
                0,
                0
            ],
            "_orientation_": 6,
            "_padding_": [
                0,
                0,
                0,
                0
            ],
            "_percent_": true,
            "_skin_": "s8ea0d8c29b24fc59f3f3807253da557",
            "allboxes": [],
            "android": {
                "render": true
            },
            "autogrowmode": 0,
            "canUpdateUI": true,
            "children": [
                "Label0be236450549244"
            ],
            "clipbounds": true,
            "containerId": true,
            "containerweight": 100,
            "enablescrolling": true,
            "genericProperties": {
                "render": true
            },
            "id": "flxHome",
            "info": null,
            "iphone": {
                "render": false
            },
            "isvisible": true,
            "kuid": "0eaf61fe13114b0a934d0132c8c51227",
            "layouttype": 2,
            "name": "kony.ui.FlexContainer",
            "parent": "tmpHome",
            "pf": "tmpHome",
            "snapgridsize": 10,
            "snaptogrid": true,
            "spaan": {
                "render": true
            },
            "spabb": {
                "render": true
            },
            "spaip": {
                "render": true
            },
            "spawinphone8": {
                "render": true
            },
            "wType": "FlexContainer",
            "widgetalignment": 1,
            "winphone8": {
                "render": true
            }
        }
    ],
    "_margin_": [
        0,
        0,
        0,
        0
    ],
    "_orientation_": 1,
    "_padding_": [
        0,
        0,
        0,
        0
    ],
    "_percent_": true,
    "_skin_": "sa1adb53573b47d3bcdaef0a2c354d4e",
    "_title_": "Video Widget",
    "addWidgetsdone": false,
    "allboxes": [],
    "android": {
        "needAppMenu": false,
        "titleBar": false
    },
    "canUpdateUI": true,
    "children": [
        "flxStartup"
    ],
    "containerweight": 100,
    "currentLocale": null,
    "desktopweb": {
        "needAppMenu": false
    },
    "device": "iPhone6",
    "displayorientation": 1,
    "enabledforidletimeout": false,
    "header": "frmHome_header",
    "headersId": "3538d0911aee429cabd374cfd4ad0d87",
    "id": "frmHome",
    "info": null,
    "initdone": false,
    "inputaccessoryviewtype": 4,
    "invokedProperty": "headers",
    "ipad": {
        "psp": {
            "inputAccessoryViewType": 4
        }
    },
    "iphone": {
        "needAppMenu": false,
        "psp": {
            "inputAccessoryViewType": 4,
            "titleBarConfig": {
                "buttonClosureLeftSideView": "",
                "buttonClosureRightSideView": "",
                "buttonText": "",
                "leftButtonText": "",
                "leftTitle": "Back",
                "prevFormTitle": false,
                "renderTitleText": true,
                "rightTitle": "Edit",
                "titleBarLeftSideView": "none",
                "titleBarRightSideView": "none",
                "titleClosureLeftSideView": "",
                "titleClosureRightSideView": "",
                "visible": true
            }
        },
        "titleBar": true
    },
    "isvisible": true,
    "kuid": "13215e93cf25414faca84b2e062bdebe",
    "layouttype": 2,
    "name": "kony.ui.Form2",
    "needappmenu": true,
    "paddinginpixel": false,
    "platform": "iphone",
    "prevDevice": "GalaxyS5",
    "prevPlatform": "android",
    "retainscrollposition": false,
    "shellCSS": "iOS_iPhone6",
    "snapgridsize": 10,
    "snaptogrid": true,
    "spaan": {
        "needAppMenu": false
    },
    "spabb": {
        "needAppMenu": false
    },
    "spaip": {
        "needAppMenu": false
    },
    "spawinphone8": {
        "needAppMenu": false
    },
    "titleBarSkin": "s85ed1c46f6c485385da60061e6c3326",
    "titlebar": true,
    "type": 3,
    "wType": "Form",
    "winphone8": {
        "needAppMenu": false
    }
}