{
    "AS_Button_bc8c2ed6397a4dc793da90bcbe1bf692": {
        "id": "AS_Button_bc8c2ed6397a4dc793da90bcbe1bf692",
        "type": "ACTION_SEQUENCE",
        "params": [{
            "datatype": "collection",
            "name": "eventobject"
        }],
        "contextObj": {
            "name": "frmVideoTypes",
            "type": "forms",
            "platform": "",
            "KUID": "6d6b920883024947b73cf9e0d4f1a104"
        },
        "language": "js",
        "actions": [{
            "id": "INVOKE_FUNCTION___73a1fb0bd08642d78c975d030d0665e2",
            "type": "INVOKE_FUNCTION",
            "sequenceKUID": "selectedKey",
            "display": "selectedKey",
            "inputparams": [{
                "name": "eventobject"
            }],
            "parentId": null,
            "callbackType": null
        }]
    }
}