{
    "AS_Camera_9553db9ce0de449aab93ab7bfa51e473": {
        "id": "AS_Camera_9553db9ce0de449aab93ab7bfa51e473",
        "type": "ACTION_SEQUENCE",
        "params": [{
            "datatype": "collection",
            "name": "eventobject"
        }],
        "contextObj": {
            "name": "frmCapture",
            "type": "forms",
            "platform": "",
            "KUID": "1f0d0f0449ca4d7c9ae5077e08ed0668"
        },
        "language": "js",
        "actions": [{
            "id": "INVOKE_FUNCTION___911a9843174c40879690e7a4ad3f8772",
            "type": "INVOKE_FUNCTION",
            "sequenceKUID": "rawBytesCapture",
            "display": "rawBytesCapture",
            "inputparams": [{
                "name": "eventobject"
            }],
            "parentId": null,
            "callbackType": null
        }]
    }
}