{
    "AS_FlexContainer_f8a7ff6dacc34981aa3fba85f7737f0a": {
        "id": "AS_FlexContainer_f8a7ff6dacc34981aa3fba85f7737f0a",
        "type": "ACTION_SEQUENCE",
        "params": [{
            "datatype": "collection",
            "name": "eventobject"
        }],
        "contextObj": {
            "name": "tmpVideoApi",
            "type": "templates",
            "platform": "",
            "KUID": "454f1ed5c7a04b74a5870e1ebca6fd88"
        },
        "language": "js",
        "actions": [{
            "id": "NAVIGATE_TO_FORM___dbf35e40cb064ed3bdc5c877c6957703",
            "type": "NAVIGATE_TO_FORM",
            "formId": "frmHome",
            "formKUID": "13215e93cf25414faca84b2e062bdebe",
            "mappings": {},
            "mappingsOrder": [],
            "parentId": "",
            "callbackType": null,
            "enableMappingEditor": true
        }]
    }
}