{
    "AS_FlexContainer_82e7a40586634994b0c3323e76401ed3": {
        "id": "AS_FlexContainer_82e7a40586634994b0c3323e76401ed3",
        "type": "ACTION_SEQUENCE",
        "params": [{
            "datatype": "collection",
            "name": "eventobject"
        }],
        "contextObj": {
            "name": "frmVideoApi",
            "type": "forms",
            "platform": "",
            "KUID": "9204efcefa89413b892c1918d39ab6d8"
        },
        "language": "js",
        "actions": [{
            "id": "INVOKE_FUNCTION___a69ee689078e4e62bd430ab597cc8dfa",
            "type": "INVOKE_FUNCTION",
            "sequenceKUID": "videoPlaying",
            "display": "videoPlaying",
            "inputparams": [{
                "name": "eventobject"
            }],
            "parentId": null,
            "callbackType": null
        }]
    }
}