{
    "AS_Form_0363799679bd422a9492adcabd45cc96": {
        "id": "AS_Form_0363799679bd422a9492adcabd45cc96",
        "type": "ACTION_SEQUENCE",
        "params": [{
            "datatype": "collection",
            "name": "eventobject"
        }],
        "contextObj": {
            "name": "frmVideoVisibility",
            "type": "forms",
            "platform": "",
            "KUID": "6358c6ceea1f492fb54a34e7783d0665"
        },
        "language": "js",
        "actions": [{
            "id": "INVOKE_FUNCTION___536102b1038d4afe933caa0ecfbe8b97",
            "type": "INVOKE_FUNCTION",
            "sequenceKUID": "visibilityDisplay",
            "display": "visibilityDisplay",
            "inputparams": [{
                "name": "eventobject"
            }],
            "parentId": null,
            "callbackType": null
        }]
    }
}