{
    "AS_FlexContainer_7099062c66534cc7aafe9507a9b77dc9": {
        "id": "AS_FlexContainer_7099062c66534cc7aafe9507a9b77dc9",
        "type": "ACTION_SEQUENCE",
        "params": [{
            "datatype": "collection",
            "name": "eventobject"
        }],
        "contextObj": {
            "name": "frmVideoApi",
            "type": "forms",
            "platform": "",
            "KUID": "9204efcefa89413b892c1918d39ab6d8"
        },
        "language": "js",
        "actions": [{
            "id": "INVOKE_FUNCTION___246242889b234e50bdd9da2144e276e1",
            "type": "INVOKE_FUNCTION",
            "sequenceKUID": "setNewSource",
            "display": "setNewSource",
            "inputparams": [{
                "name": "eventobject"
            }],
            "parentId": null,
            "callbackType": null
        }]
    }
}