{
    "AS_FlexContainer_b3a9b83fc5b442148781be04137b4b48": {
        "id": "AS_FlexContainer_b3a9b83fc5b442148781be04137b4b48",
        "type": "ACTION_SEQUENCE",
        "params": [{
            "datatype": "collection",
            "name": "eventobject"
        }],
        "contextObj": {
            "name": "frmHome",
            "type": "forms",
            "platform": "",
            "KUID": "13215e93cf25414faca84b2e062bdebe"
        },
        "language": "js",
        "actions": [{
            "id": "NAVIGATE_TO_FORM___d0a75aabe1de4dc09cf75e2830bd0686",
            "type": "NAVIGATE_TO_FORM",
            "formId": "frmVideoApi",
            "formKUID": "9204efcefa89413b892c1918d39ab6d8",
            "mappings": {},
            "mappingsOrder": [],
            "parentId": "",
            "callbackType": null,
            "enableMappingEditor": true
        }]
    }
}