{
    "AS_FlexContainer_d7a8ba0f25b24fac9553bcdf68a93e99": {
        "id": "AS_FlexContainer_d7a8ba0f25b24fac9553bcdf68a93e99",
        "type": "ACTION_SEQUENCE",
        "params": [{
            "datatype": "collection",
            "name": "eventobject"
        }],
        "contextObj": {
            "name": "tmpVideoTypes",
            "type": "templates",
            "platform": "",
            "KUID": "6295e1c0b69345aca0d134991839b57a"
        },
        "language": "js",
        "actions": [{
            "id": "NAVIGATE_TO_FORM___3a7772dd7d8149d282980939d63bde7f",
            "type": "NAVIGATE_TO_FORM",
            "formId": "frmHome",
            "formKUID": "13215e93cf25414faca84b2e062bdebe",
            "mappings": {},
            "mappingsOrder": [],
            "parentId": "",
            "callbackType": null,
            "enableMappingEditor": true
        }]
    }
}