{
    "AS_FlexContainer_888e079fd2ec48fab7d044989eacaa84": {
        "id": "AS_FlexContainer_888e079fd2ec48fab7d044989eacaa84",
        "type": "ACTION_SEQUENCE",
        "params": [{
            "datatype": "collection",
            "name": "eventobject"
        }],
        "contextObj": {
            "name": "frmHome",
            "type": "forms",
            "platform": "",
            "KUID": "13215e93cf25414faca84b2e062bdebe"
        },
        "language": "js",
        "actions": [{
            "id": "NAVIGATE_TO_FORM___72c7a0c8f5a4462380ea8242cc5176ba",
            "type": "NAVIGATE_TO_FORM",
            "formId": "frmVideoEvents",
            "formKUID": "b646904d3aef40728b147cf571c944c2",
            "mappings": {},
            "mappingsOrder": [],
            "parentId": "",
            "callbackType": null,
            "enableMappingEditor": true
        }]
    }
}