{
    "AS_FlexContainer_abaab5c8d73843a0a391d32d89872ec2": {
        "id": "AS_FlexContainer_abaab5c8d73843a0a391d32d89872ec2",
        "type": "ACTION_SEQUENCE",
        "params": [{
            "datatype": "collection",
            "name": "eventobject"
        }],
        "contextObj": {
            "name": "tmpVideoVisisbility",
            "type": "templates",
            "platform": "",
            "KUID": "f0be0265bb8845f9ab44b664fe8d36d6"
        },
        "language": "js",
        "actions": [{
            "id": "NAVIGATE_TO_FORM___5afc31bc316e4029b909fd21833f270e",
            "type": "NAVIGATE_TO_FORM",
            "formId": "frmHome",
            "formKUID": "13215e93cf25414faca84b2e062bdebe",
            "mappings": {},
            "mappingsOrder": [],
            "parentId": "",
            "callbackType": null,
            "enableMappingEditor": true
        }]
    }
}