{
    "AS_FlexContainer_429ba33b602a4b4ea74b113c18f0f911": {
        "id": "AS_FlexContainer_429ba33b602a4b4ea74b113c18f0f911",
        "type": "ACTION_SEQUENCE",
        "params": [{
            "datatype": "collection",
            "name": "eventobject"
        }],
        "contextObj": {
            "name": "frmHome",
            "type": "forms",
            "platform": "",
            "KUID": "13215e93cf25414faca84b2e062bdebe"
        },
        "language": "js",
        "actions": [{
            "id": "NAVIGATE_TO_FORM___c33db6f7a079465e82475b2be76bf529",
            "type": "NAVIGATE_TO_FORM",
            "formId": "frmVideoTypes",
            "formKUID": "6d6b920883024947b73cf9e0d4f1a104",
            "mappings": {},
            "mappingsOrder": [],
            "parentId": "",
            "callbackType": null,
            "enableMappingEditor": true
        }]
    }
}