{
    "AS_FlexContainer_d88073ce815e4e228284cafdab0921c2": {
        "id": "AS_FlexContainer_d88073ce815e4e228284cafdab0921c2",
        "type": "ACTION_SEQUENCE",
        "params": [{
            "datatype": "collection",
            "name": "eventobject"
        }],
        "contextObj": {
            "name": "frmVideoApi",
            "type": "forms",
            "platform": "",
            "KUID": "9204efcefa89413b892c1918d39ab6d8"
        },
        "language": "js",
        "actions": [{
            "id": "INVOKE_FUNCTION___96d882b61f82400aaa8ecaf40003ba7a",
            "type": "INVOKE_FUNCTION",
            "sequenceKUID": "getDuration",
            "display": "getDuration",
            "inputparams": [{
                "name": "eventobject"
            }],
            "parentId": null,
            "callbackType": null
        }]
    }
}