{
    "AS_FlexContainer_772603621f454666a337e89d7ab610c3": {
        "id": "AS_FlexContainer_772603621f454666a337e89d7ab610c3",
        "type": "ACTION_SEQUENCE",
        "params": [{
            "datatype": "collection",
            "name": "eventobject"
        }],
        "language": "js",
        "actions": [{
            "id": "INVOKE_FUNCTION__ide_onClick_20b89db6ac70407cbffed2dd2d3e358d",
            "type": "INVOKE_FUNCTION",
            "sequenceKUID": "onPlay",
            "display": "onPlay",
            "inputparams": [{
                "name": "eventobject"
            }],
            "callbackType": null
        }]
    }
}