{
    "AS_FlexContainer_15e6493ee5b441acabf8858b407ca530": {
        "id": "AS_FlexContainer_15e6493ee5b441acabf8858b407ca530",
        "type": "ACTION_SEQUENCE",
        "params": [{
            "datatype": "collection",
            "name": "eventobject"
        }],
        "language": "js",
        "actions": [{
            "id": "NAVIGATE_TO_FORM__ide_onClick_a1f6e74dcd9c4878ae3e815bb781e8eb",
            "type": "NAVIGATE_TO_FORM",
            "formId": "frmHome",
            "formKUID": "13215e93cf25414faca84b2e062bdebe",
            "mappings": {},
            "mappingsOrder": [],
            "parentId": "",
            "callbackType": null,
            "enableMappingEditor": true
        }]
    }
}