{
    "AS_Image_2be82cb1da774bbf84922e4927d08b36": {
        "id": "AS_Image_2be82cb1da774bbf84922e4927d08b36",
        "type": "ACTION_SEQUENCE",
        "params": [{
            "datatype": "collection",
            "name": "eventobject"
        }, {
            "datatype": "string",
            "name": "x"
        }, {
            "datatype": "string",
            "name": "y"
        }],
        "contextObj": {
            "name": "frmVisibility",
            "type": "forms",
            "platform": null,
            "KUID": "eacfdfb10715406e8da217d565279ea9"
        },
        "language": "js",
        "actions": [{
            "id": "INVOKE_FUNCTION___2208caf38f544032a6ca1d4ee33bcf96",
            "type": "INVOKE_FUNCTION",
            "sequenceKUID": "imageVisibility",
            "display": "imageVisibility",
            "inputparams": [{
                "name": "eventobject"
            }],
            "parentId": null,
            "callbackType": null
        }]
    }
}