{
    "AS_Slider_a7f75b020e4e4d6c807a5b0f666032ca": {
        "id": "AS_Slider_a7f75b020e4e4d6c807a5b0f666032ca",
        "type": "ACTION_SEQUENCE",
        "params": [{
            "datatype": "collection",
            "name": "eventobject"
        }, {
            "datatype": "string",
            "name": "selectedvalue"
        }],
        "language": "js",
        "actions": [{
            "id": "INVOKE_FUNCTION__ide_onSlide_89a3a59b26f84719b8cb8daff85cc302",
            "type": "INVOKE_FUNCTION",
            "sequenceKUID": "setVolume",
            "display": "setVolume",
            "inputparams": [],
            "callbackType": null
        }]
    }
}