{
    "AS_Slider_a2cf8131f2a54a5f8b82049db0aa1d5d": {
        "id": "AS_Slider_a2cf8131f2a54a5f8b82049db0aa1d5d",
        "type": "ACTION_SEQUENCE",
        "params": [{
            "datatype": "collection",
            "name": "eventobject"
        }, {
            "datatype": "string",
            "name": "selectedvalue"
        }],
        "language": "js",
        "actions": [{
            "id": "INVOKE_FUNCTION__ide_onSelection_c5ab1822340d444c8ec67a08a9c80523",
            "type": "INVOKE_FUNCTION",
            "sequenceKUID": "slide",
            "display": "slide",
            "inputparams": [],
            "callbackType": null
        }]
    }
}