{
    "AS_Slider_2893d87e58824cf6a03508d8ec98919a": {
        "id": "AS_Slider_2893d87e58824cf6a03508d8ec98919a",
        "type": "ACTION_SEQUENCE",
        "params": [{
            "datatype": "collection",
            "name": "eventobject"
        }, {
            "datatype": "string",
            "name": "selectedvalue"
        }],
        "language": "js",
        "actions": [{
            "id": "INVOKE_FUNCTION__ide_onSlide_c2f60668ad6a4dd592474660d46192cb",
            "type": "INVOKE_FUNCTION",
            "sequenceKUID": "setVolume",
            "display": "setVolume",
            "inputparams": [],
            "callbackType": null
        }]
    }
}