{
    "AS_Video_6f60f167a29849219fb9f17dd4cfcae2": {
        "id": "AS_Video_6f60f167a29849219fb9f17dd4cfcae2",
        "type": "ACTION_SEQUENCE",
        "params": [{
            "datatype": "collection",
            "name": "eventobject"
        }],
        "language": "js",
        "actions": [{
            "id": "INVOKE_FUNCTION__ide_onCompletion_5ec692a225834e759b5d9265cc2d07fa",
            "type": "INVOKE_FUNCTION",
            "sequenceKUID": "frmVideoEvent_oncompletion",
            "display": "frmVideoEvent_oncompletion",
            "inputparams": [{
                "name": "eventobject"
            }],
            "callbackType": null
        }]
    }
}