{
    "AS_Video_3b3d27e55a314787934e3e2c6c076d56": {
        "id": "AS_Video_3b3d27e55a314787934e3e2c6c076d56",
        "type": "ACTION_SEQUENCE",
        "params": [{
            "datatype": "collection",
            "name": "eventobject"
        }],
        "language": "js",
        "actions": [{
            "id": "INVOKE_FUNCTION__ide_onError_14aaa341c51649a4af967dacc50a3f2c",
            "type": "INVOKE_FUNCTION",
            "sequenceKUID": "frmVideoEvent_onerror",
            "display": "frmVideoEvent_onerror",
            "inputparams": [{
                "name": "eventobject"
            }],
            "callbackType": null
        }]
    }
}