{
    "DNDConfig": null,
    "_height_": {
        "type": "string",
        "value": "8%"
    },
    "_margin_": [
        0,
        0,
        0,
        0
    ],
    "_orientation_": 6,
    "_padding_": [
        0,
        0,
        0,
        0
    ],
    "_percent_": true,
    "_render_": true,
    "_skin_": "s8ea0d8c29b24fc59f3f3807253da557",
    "allboxes": [],
    "android": {
        "render": true
    },
    "autogrowmode": 0,
    "canUpdateUI": true,
    "children": [
        "Label0be236450549244"
    ],
    "clipbounds": true,
    "containerId": true,
    "containerweight": 100,
    "enablescrolling": true,
    "id": "flxHome",
    "info": null,
    "iphone": {
        "render": false
    },
    "isvisible": true,
    "kuid": "0eaf61fe13114b0a934d0132c8c51227",
    "layouttype": 2,
    "name": "kony.ui.FlexContainer",
    "parent": "tmpHome",
    "pf": "tmpHome",
    "snapgridsize": 10,
    "snaptogrid": true,
    "spaan": {
        "render": true
    },
    "spabb": {
        "render": true
    },
    "spaip": {
        "render": true
    },
    "spawinphone8": {
        "render": true
    },
    "wType": "FlexContainer",
    "widgetalignment": 1,
    "winphone8": {
        "render": true
    }
}