{
    "@class": "com.kony.gen.viz.model.component.KVizLabel",
    "DNDConfig": null,
    "__parentReadjusting__": false,
    "_height_": {
        "type": "string",
        "value": "100%"
    },
    "_left_": {
        "type": "string",
        "value": "0%"
    },
    "_margin_": [
        1,
        1,
        1,
        1
    ],
    "_padding_": [
        5,
        0,
        0,
        0
    ],
    "_skin_": "sfd3651d44694376b54d59b2625d6b14",
    "_text_": "Video  Widget",
    "_top_": {
        "type": "string",
        "value": "6%"
    },
    "_width_": {
        "type": "string",
        "value": "100%"
    },
    "_wrapping_": 2,
    "android": {
        "textStyle": {
            "letterSpacing": 0,
            "strikeThrough": false
        }
    },
    "canUpdateUI": true,
    "containerId": true,
    "containerweight": 100,
    "contentalignment": 4,
    "id": "Label0be236450549244",
    "info": null,
    "ipad": {
        "psp": {
            "wrapping": 2
        }
    },
    "iphone": {
        "psp": {
            "wrapping": 2
        }
    },
    "isvisible": true,
    "kuid": "a7ace5502bdf43ee8a88c82f5a1c295e",
    "name": "kony.ui.Label",
    "paddinginpixel": false,
    "parent": "flxHome",
    "pf": "tmpHome",
    "tooltip": "",
    "wType": "Label"
}