{
    "DNDConfig": null,
    "__parentReadjusting__": false,
    "_height_": {
        "type": "string",
        "value": "340dp"
    },
    "_left_": {
        "type": "string",
        "value": "0dp"
    },
    "_margin_": [
        0,
        0,
        0,
        0
    ],
    "_orientation_": 6,
    "_padding_": [
        0,
        0,
        0,
        0
    ],
    "_percent_": true,
    "_skin_": "s5331f121eb0410eb9469168f3d483af",
    "_top_": {
        "type": "string",
        "value": "210dp"
    },
    "_width_": {
        "type": "string",
        "value": "100%"
    },
    "allboxes": [],
    "autogrowmode": 0,
    "canUpdateUI": true,
    "children": [
        "flxGetPosition",
        "flxGetDuration",
        "flxVideoPlaying",
        "flxGetBuffering",
        "flxSeekTo",
        "flxNewSource",
        "flxOptions"
    ],
    "clipbounds": true,
    "containerweight": 100,
    "enablescrolling": true,
    "id": "flxApis",
    "info": null,
    "isvisible": true,
    "kuid": "f3ec64b76e4c4aabb5e1e96dc3194745",
    "layouttype": 2,
    "name": "kony.ui.FlexContainer",
    "parent": "frmVideoApi",
    "pf": "frmVideoApi",
    "snapgridsize": 10,
    "snaptogrid": true,
    "wType": "FlexContainer",
    "widgetalignment": 1,
    "zindex": 1
}