{
    "DNDConfig": null,
    "__parentReadjusting__": false,
    "_height_": {
        "type": "string",
        "value": "14%"
    },
    "_left_": {
        "type": "string",
        "value": "0%"
    },
    "_margin_": [
        0,
        0,
        0,
        0
    ],
    "_orientation_": 6,
    "_padding_": [
        0,
        0,
        0,
        0
    ],
    "_percent_": true,
    "_skin_": "s0247eefb1dd4ff3ba64b6e13af3bd8f",
    "_top_": {
        "type": "string",
        "value": "56%"
    },
    "_width_": {
        "type": "string",
        "value": "100%"
    },
    "allboxes": [],
    "autogrowmode": 0,
    "canUpdateUI": true,
    "children": [
        "CopyLabel0cb90c31a936047",
        "lblDispBuffer",
        "CopyLabel0762869ee2fe94e"
    ],
    "clipbounds": true,
    "containerweight": 100,
    "enablescrolling": true,
    "id": "flxGetBuffering",
    "ide_onClick": "AS_FlexContainer_21f542d893414a539a37dab7389419fc",
    "info": null,
    "isvisible": true,
    "kuid": "81e436f220f84f74b51ca00d4e1e8c0b",
    "layouttype": 2,
    "name": "kony.ui.FlexContainer",
    "onclick": "AS_FlexContainer_21f542d893414a539a37dab7389419fc",
    "parent": "flxApis",
    "pf": "frmVideoApi",
    "snapgridsize": 10,
    "snaptogrid": true,
    "wType": "FlexContainer",
    "widgetalignment": 1,
    "zindex": 1
}