{
    "DNDConfig": null,
    "__parentReadjusting__": false,
    "_height_": {
        "type": "string",
        "value": "14%"
    },
    "_left_": {
        "type": "string",
        "value": "0%"
    },
    "_margin_": [
        0,
        0,
        0,
        0
    ],
    "_orientation_": 6,
    "_padding_": [
        0,
        0,
        0,
        0
    ],
    "_percent_": true,
    "_skin_": "s0247eefb1dd4ff3ba64b6e13af3bd8f",
    "_top_": {
        "type": "string",
        "value": "28%"
    },
    "_width_": {
        "type": "string",
        "value": "100%"
    },
    "allboxes": [],
    "autogrowmode": 0,
    "canUpdateUI": true,
    "children": [
        "CopyLabel0c520ce1ed9c440",
        "lblDispDuration",
        "CopyLabel041a85e48e73341"
    ],
    "clipbounds": true,
    "containerweight": 100,
    "enablescrolling": true,
    "id": "flxGetDuration",
    "ide_onClick": "AS_FlexContainer_d88073ce815e4e228284cafdab0921c2",
    "info": null,
    "isvisible": true,
    "kuid": "9f47633030184e918b047b51847a25d0",
    "layouttype": 2,
    "name": "kony.ui.FlexContainer",
    "parent": "flxApis",
    "pf": "frmVideoApi",
    "snapgridsize": 10,
    "snaptogrid": true,
    "wType": "FlexContainer",
    "widgetalignment": 1,
    "zindex": 1
}