{
    "DNDConfig": null,
    "__parentReadjusting__": false,
    "_height_": {
        "type": "string",
        "value": "14%"
    },
    "_left_": {
        "type": "string",
        "value": "0%"
    },
    "_margin_": [
        0,
        0,
        0,
        0
    ],
    "_orientation_": 6,
    "_padding_": [
        0,
        0,
        0,
        0
    ],
    "_percent_": true,
    "_skin_": "s25a856d00024649a149517ad2eae69c",
    "_top_": {
        "type": "string",
        "value": "0%"
    },
    "_width_": {
        "type": "string",
        "value": "100%"
    },
    "allboxes": [],
    "autogrowmode": 0,
    "canUpdateUI": true,
    "children": [
        "flxPlay",
        "flxPause",
        "flxStop",
        "flxVolume",
        "flxcSlider"
    ],
    "clipbounds": true,
    "containerweight": 100,
    "enablescrolling": true,
    "id": "flxOptions",
    "info": null,
    "isvisible": true,
    "kuid": "7bf6d73c0f544433985b818a3e4d32e0",
    "layouttype": 2,
    "name": "kony.ui.FlexContainer",
    "parent": "flxApis",
    "pf": "frmVideoApi",
    "snapgridsize": 10,
    "snaptogrid": true,
    "step": 1,
    "wType": "FlexContainer",
    "widgetalignment": 1,
    "zindex": 1
}