{
    "DNDConfig": null,
    "__parentReadjusting__": false,
    "_height_": {
        "type": "string",
        "value": "14%"
    },
    "_left_": {
        "type": "string",
        "value": "0%"
    },
    "_margin_": [
        0,
        0,
        0,
        0
    ],
    "_orientation_": 6,
    "_padding_": [
        0,
        0,
        0,
        0
    ],
    "_percent_": true,
    "_skin_": "s9360bdae2164e59ad155554a45ba626",
    "_top_": {
        "type": "string",
        "value": "70%"
    },
    "_width_": {
        "type": "string",
        "value": "100%"
    },
    "allboxes": [],
    "autogrowmode": 0,
    "canUpdateUI": true,
    "children": [
        "CopyLabel03a077ee0c08344",
        "CopyLabel075cdbae4b61f40",
        "txtSeekTo"
    ],
    "clipbounds": true,
    "containerweight": 100,
    "enablescrolling": true,
    "id": "flxSeekTo",
    "ide_onClick": "AS_FlexContainer_ccc9bec3cb494a9699508dc1b545299e",
    "info": null,
    "isvisible": true,
    "kuid": "e02e8a5f2c3046b482a04b0dc5f7f3c0",
    "layouttype": 2,
    "name": "kony.ui.FlexContainer",
    "parent": "flxApis",
    "pf": "frmVideoApi",
    "snapgridsize": 10,
    "snaptogrid": true,
    "wType": "FlexContainer",
    "widgetalignment": 1,
    "zindex": 1
}