{
    "DNDConfig": null,
    "__parentReadjusting__": false,
    "_height_": {
        "type": "string",
        "value": "14%"
    },
    "_left_": {
        "type": "string",
        "value": "0%"
    },
    "_margin_": [
        0,
        0,
        0,
        0
    ],
    "_orientation_": 6,
    "_padding_": [
        0,
        0,
        0,
        0
    ],
    "_percent_": true,
    "_skin_": "s0247eefb1dd4ff3ba64b6e13af3bd8f",
    "_top_": {
        "type": "string",
        "value": "42%"
    },
    "_width_": {
        "type": "string",
        "value": "100%"
    },
    "allboxes": [],
    "autogrowmode": 0,
    "canUpdateUI": true,
    "children": [
        "CopyLabel0ea4469cd9a2043",
        "lblDispPlaying",
        "CopyLabel0631c28d3345b4a"
    ],
    "clipbounds": true,
    "containerweight": 100,
    "enablescrolling": true,
    "id": "flxVideoPlaying",
    "ide_onClick": "AS_FlexContainer_82e7a40586634994b0c3323e76401ed3",
    "info": null,
    "isvisible": true,
    "kuid": "0211521c871d4deda473152c373876d4",
    "layouttype": 2,
    "name": "kony.ui.FlexContainer",
    "parent": "flxApis",
    "pf": "frmVideoApi",
    "snapgridsize": 10,
    "snaptogrid": true,
    "wType": "FlexContainer",
    "widgetalignment": 1,
    "zindex": 1
}