{
    "@class": "com.kony.gen.viz.model.container.KVizScrollFlexForm",
    "DNDConfig": null,
    "_headers_": [
        null
    ],
    "_margin_": [
        0,
        0,
        0,
        0
    ],
    "_orientation_": 1,
    "_padding_": [
        0,
        0,
        0,
        0
    ],
    "_percent_": true,
    "_skin_": "s7e0e2f3519b469c89064640ddee7257",
    "_title_": "Video API",
    "addWidgetsdone": false,
    "allboxes": [],
    "android": {
        "needAppMenu": false,
        "titleBar": false
    },
    "canUpdateUI": true,
    "children": [
        "video1",
        "flxApis"
    ],
    "containerweight": 100,
    "currentLocale": null,
    "desktopweb": {
        "needAppMenu": false
    },
    "device": "iPhone6",
    "displayorientation": 1,
    "enabledforidletimeout": false,
    "header": "frmVideoApi_header",
    "headersId": "454f1ed5c7a04b74a5870e1ebca6fd88",
    "id": "frmVideoApi",
    "info": null,
    "initdone": false,
    "inputaccessoryviewtype": 4,
    "invokedProperty": "headers",
    "ipad": {
        "psp": {
            "inputAccessoryViewType": 4
        }
    },
    "iphone": {
        "needAppMenu": false,
        "psp": {
            "inputAccessoryViewType": 4,
            "titleBarConfig": {
                "buttonClosureLeftSideView": "",
                "buttonClosureRightSideView": "",
                "buttonText": "",
                "imageLeftSideView": "back.png",
                "leftButtonText": "",
                "leftTitle": "Back",
                "prevFormTitle": false,
                "renderTitleText": true,
                "rightTitle": "Edit",
                "titleBarLeftSideView": "button",
                "titleBarRightSideView": "none",
                "titleClosureLeftSideView": "",
                "titleClosureRightSideView": "",
                "visible": true
            }
        },
        "titleBar": true
    },
    "isvisible": true,
    "kuid": "9204efcefa89413b892c1918d39ab6d8",
    "layouttype": 2,
    "name": "kony.ui.Form2",
    "needappmenu": true,
    "paddinginpixel": false,
    "platform": "iphone",
    "prevDevice": "GalaxyS5",
    "prevPlatform": "android",
    "retainscrollposition": false,
    "shellCSS": "iOS_iPhone6",
    "snapgridsize": 10,
    "snaptogrid": true,
    "spaan": {
        "needAppMenu": false
    },
    "spabb": {
        "needAppMenu": false
    },
    "spaip": {
        "needAppMenu": false
    },
    "spawinphone8": {
        "needAppMenu": false
    },
    "titleBarSkin": "sb7120e8a1df4807b71f79f781bb2cb2",
    "titlebar": true,
    "type": 3,
    "wType": "Form",
    "winphone8": {
        "needAppMenu": false
    }
}