{
    "@class": "com.kony.gen.viz.model.component.KVizLabel",
    "DNDConfig": null,
    "__parentReadjusting__": false,
    "_height_": {
        "type": "string",
        "value": "100%"
    },
    "_left_": {
        "type": "string",
        "value": "70%"
    },
    "_margin_": [
        1,
        1,
        1,
        1
    ],
    "_padding_": [
        11,
        0,
        0,
        0
    ],
    "_skin_": "s4a4fe66bbca46a180a9bd95f76a1f4b",
    "_text_": "",
    "_top_": {
        "type": "string",
        "value": "0%"
    },
    "_width_": {
        "type": "string",
        "value": "30%"
    },
    "_wrapping_": 2,
    "android": {
        "textStyle": {
            "letterSpacing": 0,
            "strikeThrough": false
        }
    },
    "canUpdateUI": true,
    "containerweight": 100,
    "contentalignment": 4,
    "id": "lblDispDuration",
    "info": null,
    "ipad": {
        "psp": {
            "wrapping": 2
        }
    },
    "iphone": {
        "psp": {
            "wrapping": 2
        }
    },
    "isvisible": true,
    "kuid": "6ff83bb5444b432896bb14746e27b9c3",
    "name": "kony.ui.Label",
    "paddinginpixel": false,
    "parent": "flxGetDuration",
    "pf": "frmVideoApi",
    "tooltip": "",
    "wType": "Label",
    "zindex": 1
}