{
    "@class": "com.kony.gen.viz.model.component.KVizSlider",
    "DNDConfig": null,
    "__parentReadjusting__": false,
    "_height_": {
        "type": "string",
        "value": "50%"
    },
    "_margin_": [
        0,
        0,
        0,
        0
    ],
    "_max_": 100,
    "_min_": 0,
    "_padding_": [
        0,
        0,
        0,
        0
    ],
    "_render_": true,
    "_step_": 10,
    "_thickness_": 15,
    "_top_": {
        "type": "string",
        "value": "30%"
    },
    "_width_": {
        "type": "string",
        "value": "80%"
    },
    "android": {
        "render": true,
        "thumbImage": "cursor.png"
    },
    "canUpdateUI": true,
    "centerx": {
        "type": "string",
        "value": "50%"
    },
    "containerweight": 100,
    "desktopweb": {
        "psp": {
            "orientation": "horizontal",
            "viewType": "default"
        }
    },
    "id": "slider",
    "ide_onSelection": "AS_Slider_6e378cc6035e49cdbf42cea92301c258",
    "ide_onSlide": "AS_Slider_a7f75b020e4e4d6c807a5b0f666032ca",
    "imgwt": 10,
    "info": null,
    "ipad": {
        "psp": {
            "enableThumbTintColor": true,
            "thumbTintColor": "ffffff00"
        },
        "thumbImage": "slider_ios7.png"
    },
    "iphone": {
        "psp": {
            "enableThumbTintColor": false
        },
        "render": true,
        "thumbImage": "cursor.png"
    },
    "isvisible": true,
    "kuid": "d7b7cddcdc0842b2bfd8cc8630bcbb5b",
    "leftskin": "s9ecdc19ba5f4a4695523746636e04fb",
    "name": "kony.ui.Slider",
    "noofsteps": 10,
    "onselection": "AS_Slider_6e378cc6035e49cdbf42cea92301c258",
    "onslide": "AS_Slider_a7f75b020e4e4d6c807a5b0f666032ca",
    "osPlatform": "iphone",
    "osVersion": "iOS7",
    "parent": "flxcSlider",
    "pf": "frmVideoApi",
    "rightskin": "s00a8935d5b741be8c6e2e6ae2499c9a",
    "selectedvalue": 40,
    "spaan": {
        "render": true
    },
    "spabb": {
        "render": true
    },
    "spaip": {
        "render": true
    },
    "spawinphone8": {
        "render": true
    },
    "stepwidth": 32.4,
    "thumbimage": "cursor.png",
    "wType": "Slider",
    "widgetalignment": 5,
    "winphone8": {
        "render": true
    },
    "zindex": 50
}