{
    "@class": "com.kony.gen.viz.model.component.KVizTextBox2",
    "DNDConfig": null,
    "__parentReadjusting__": false,
    "_height_": {
        "type": "string",
        "value": "70%"
    },
    "_left_": {
        "type": "string",
        "value": "68%"
    },
    "_margin_": [
        0,
        0,
        0,
        0
    ],
    "_padding_": [
        11,
        0,
        0,
        0
    ],
    "_placeholder_": "0",
    "_skin_": "sa4f15533fa1492db60a9a2b00cb617c",
    "_text_": "",
    "_top_": {
        "type": "string",
        "value": "13%"
    },
    "_width_": {
        "type": "string",
        "value": "28%"
    },
    "autocapitalize": "none",
    "autocomplete": false,
    "autocorrect": false,
    "autofilter": false,
    "canUpdateUI": true,
    "containerheight": "",
    "containerheightmode": 1,
    "containerweight": 100,
    "contentalignment": 4,
    "id": "txtSeekTo",
    "info": null,
    "isvisible": true,
    "keyboardtype": "A",
    "kuid": "ec8b81f82f9c43aa8086325f636cafbd",
    "mode": "A",
    "name": "kony.ui.TextBox2",
    "paddinginpixel": false,
    "parent": "flxSeekTo",
    "pf": "frmVideoApi",
    "securetextentry": false,
    "textinputmode": "A",
    "viewtype": "default",
    "wType": "TextField",
    "zindex": 10
}