{
    "AS_Button_76c6de776edb4848b2e90c164eb13126": {
        "id": "AS_Button_76c6de776edb4848b2e90c164eb13126",
        "type": "ACTION_SEQUENCE",
        "params": [{
            "datatype": "collection",
            "name": "eventobject"
        }],
        "contextObj": {
            "name": "frmVideoEvents",
            "type": "forms",
            "platform": "",
            "KUID": "b646904d3aef40728b147cf571c944c2"
        },
        "actions": [{
            "id": "INVOKE_FUNCTION___00594a5adbed446fbe68ea9b2defbb6c",
            "type": "INVOKE_FUNCTION",
            "sequenceKUID": "frmdynamicEvent",
            "display": "frmdynamicEvent",
            "inputparams": [],
            "parentId": null,
            "callbackType": null
        }]
    }
}