{
    "AS_Button_f784d9ea97cc49f5ba1dc63e808316f8": {
        "id": "AS_Button_f784d9ea97cc49f5ba1dc63e808316f8",
        "type": "ACTION_SEQUENCE",
        "params": [{
            "datatype": "collection",
            "name": "eventobject"
        }],
        "contextObj": {
            "name": "frmVideoTypes",
            "type": "forms",
            "platform": "",
            "KUID": "6d6b920883024947b73cf9e0d4f1a104"
        },
        "actions": [{
            "id": "INVOKE_FUNCTION___31d9f7ddadef49878395d73985d62c6d",
            "type": "INVOKE_FUNCTION",
            "sequenceKUID": "selectedKey",
            "display": "selectedKey",
            "inputparams": [{
                "name": "eventobject"
            }],
            "parentId": null,
            "callbackType": null
        }]
    }
}