{
    "AS_FlexContainer_ccc9bec3cb494a9699508dc1b545299e": {
        "id": "AS_FlexContainer_ccc9bec3cb494a9699508dc1b545299e",
        "type": "ACTION_SEQUENCE",
        "params": [{
            "datatype": "collection",
            "name": "eventobject"
        }],
        "contextObj": {
            "name": "frmVideoApi",
            "type": "forms",
            "platform": "",
            "KUID": "9204efcefa89413b892c1918d39ab6d8"
        },
        "actions": [{
            "id": "INVOKE_FUNCTION___4c89a6fc80334817b61e194c2bb31f18",
            "type": "INVOKE_FUNCTION",
            "sequenceKUID": "seekToPosition",
            "display": "seekToPosition",
            "inputparams": [{
                "name": "eventobject"
            }],
            "parentId": null,
            "callbackType": null
        }]
    }
}