{
    "AS_FlexContainer_75a5cd64e0844d1bae901359274878ee": {
        "id": "AS_FlexContainer_75a5cd64e0844d1bae901359274878ee",
        "type": "ACTION_SEQUENCE",
        "params": [{
            "datatype": "collection",
            "name": "eventobject"
        }],
        "contextObj": {
            "name": "frmVideoApi",
            "type": "forms",
            "platform": "",
            "KUID": "9204efcefa89413b892c1918d39ab6d8"
        },
        "actions": [{
            "id": "INVOKE_FUNCTION___a226437374a24689bf037291d8014a3e",
            "type": "INVOKE_FUNCTION",
            "sequenceKUID": "getPosition",
            "display": "getPosition",
            "inputparams": [{
                "name": "eventobject"
            }],
            "parentId": null,
            "callbackType": null
        }]
    }
}