{
    "AS_FlexContainer_21f542d893414a539a37dab7389419fc": {
        "id": "AS_FlexContainer_21f542d893414a539a37dab7389419fc",
        "type": "ACTION_SEQUENCE",
        "params": [{
            "datatype": "collection",
            "name": "eventobject"
        }],
        "contextObj": {
            "name": "frmVideoApi",
            "type": "forms",
            "platform": "",
            "KUID": "9204efcefa89413b892c1918d39ab6d8"
        },
        "actions": [{
            "id": "INVOKE_FUNCTION___1da157e89c2740e482cc9cf6a0070d71",
            "type": "INVOKE_FUNCTION",
            "sequenceKUID": "getBuffer",
            "display": "getBuffer",
            "inputparams": [{
                "name": "eventobject"
            }],
            "parentId": null,
            "callbackType": null
        }]
    }
}