{
    "AS_FlexContainer_1b11dd002ff9447ca4bdacfa55b4ef4f": {
        "id": "AS_FlexContainer_1b11dd002ff9447ca4bdacfa55b4ef4f",
        "type": "ACTION_SEQUENCE",
        "params": [{
            "datatype": "collection",
            "name": "eventobject"
        }],
        "actions": [{
            "id": "INVOKE_FUNCTION__ide_onClick_4a5b2d8794eb45819b97fe331c5e31b1",
            "type": "INVOKE_FUNCTION",
            "sequenceKUID": "onStop",
            "display": "onStop",
            "inputparams": [{
                "name": "eventobject"
            }],
            "callbackType": null
        }]
    }
}