{
    "AS_FlexContainer_454f0b9a4b6c4559b11d5833706d196a": {
        "id": "AS_FlexContainer_454f0b9a4b6c4559b11d5833706d196a",
        "type": "ACTION_SEQUENCE",
        "params": [{
            "datatype": "collection",
            "name": "eventobject"
        }],
        "contextObj": {
            "name": "frmHome",
            "type": "forms",
            "platform": "",
            "KUID": "13215e93cf25414faca84b2e062bdebe"
        },
        "actions": [{
            "id": "NAVIGATE_TO_FORM___6e4b45083e2247619d8d6e39cf96bcd8",
            "type": "NAVIGATE_TO_FORM",
            "formId": "frmCapture",
            "formKUID": "1f0d0f0449ca4d7c9ae5077e08ed0668",
            "mappings": {},
            "mappingsOrder": [],
            "parentId": "",
            "callbackType": null,
            "enableMappingEditor": true
        }]
    }
}