{
    "AS_Form_852fea80c47d4cc490d4ecb38d5f58e0": {
        "id": "AS_Form_852fea80c47d4cc490d4ecb38d5f58e0",
        "type": "ACTION_SEQUENCE",
        "params": [{
            "datatype": "collection",
            "name": "eventobject"
        }],
        "contextObj": {
            "name": "frmVideoTypes",
            "type": "forms",
            "platform": "",
            "KUID": "6d6b920883024947b73cf9e0d4f1a104"
        },
        "actions": [{
            "id": "ADD_SNIPPET__35ecc8beac824940a0f2a7921264b988",
            "type": "ADD_SNIPPET",
            "codeSnippet": "if(kony.os.deviceInfo().name==\"android\"){\n      frmVideoTypes.ListBox0c9547a06dc2b4b.masterData=[[\"MP4\",\"MP4\"]];\n      \t  }\n    else {\n     frmVideoTypes.ListBox0c9547a06dc2b4b.masterData=[[\"MP4\",\"MP4\"],[\"MOV\",\"MOV\"]];\n      }",
            "parentId": null,
            "callbackType": null
        }]
    }
}