{
    "AS_Form_5c218b6b425d4a38b667641227254e66": {
        "id": "AS_Form_5c218b6b425d4a38b667641227254e66",
        "type": "ACTION_SEQUENCE",
        "params": [{
            "datatype": "collection",
            "name": "eventobject"
        }],
        "contextObj": {
            "name": "frmTest",
            "type": "forms",
            "platform": null,
            "KUID": "0d650642f21643f3bbd97208caf7ab5f"
        },
        "actions": [{
            "id": "INVOKE_FUNCTION___df836386f4f94aaf87c7049abfea1734",
            "type": "INVOKE_FUNCTION",
            "sequenceKUID": "frmVideoPreshow",
            "display": "frmVideoPreshow",
            "inputparams": [],
            "parentId": null,
            "callbackType": null
        }]
    }
}