{
    "AS_FlexContainer_53e592e3f2fc4031a88e19e01e481690": {
        "id": "AS_FlexContainer_53e592e3f2fc4031a88e19e01e481690",
        "type": "ACTION_SEQUENCE",
        "params": [{
            "datatype": "collection",
            "name": "eventobject"
        }],
        "contextObj": {
            "name": "tmpVideoEvents",
            "type": "templates",
            "platform": "",
            "KUID": "48679077120e4b978d52a3758979f527"
        },
        "actions": [{
            "id": "NAVIGATE_TO_FORM___90edba33281d4a83b294cb3ea46e376c",
            "type": "NAVIGATE_TO_FORM",
            "formId": "frmHome",
            "formKUID": "13215e93cf25414faca84b2e062bdebe",
            "mappings": {},
            "mappingsOrder": [],
            "parentId": "",
            "callbackType": null,
            "enableMappingEditor": true
        }]
    }
}