{
    "AS_FlexContainer_c255a98c9c424323b51dc95c7cca26d5": {
        "id": "AS_FlexContainer_c255a98c9c424323b51dc95c7cca26d5",
        "type": "ACTION_SEQUENCE",
        "params": [{
            "datatype": "collection",
            "name": "eventobject"
        }],
        "contextObj": {
            "name": "frmVideoApi",
            "type": "forms",
            "platform": "",
            "KUID": "9204efcefa89413b892c1918d39ab6d8"
        },
        "actions": [{
            "id": "INVOKE_FUNCTION___0d8158a285204e9cbb3e7065b31e3822",
            "type": "INVOKE_FUNCTION",
            "sequenceKUID": "volume",
            "display": "volume",
            "inputparams": [],
            "parentId": null,
            "callbackType": null
        }]
    }
}