{
    "AS_FlexContainer_d4f97c2ac1f14eddb13f5ac2583535d9": {
        "id": "AS_FlexContainer_d4f97c2ac1f14eddb13f5ac2583535d9",
        "type": "ACTION_SEQUENCE",
        "params": [{
            "datatype": "collection",
            "name": "eventobject"
        }],
        "contextObj": {
            "name": "frmHome",
            "type": "forms",
            "platform": "",
            "KUID": "13215e93cf25414faca84b2e062bdebe"
        },
        "actions": [{
            "id": "NAVIGATE_TO_FORM___8c6f18aa968646bf867051b2175e1f24",
            "type": "NAVIGATE_TO_FORM",
            "formId": "frmVisibility",
            "formKUID": "eacfdfb10715406e8da217d565279ea9",
            "mappings": {},
            "mappingsOrder": [],
            "parentId": "",
            "callbackType": null,
            "enableMappingEditor": true
        }]
    }
}