{
    "AS_FlexContainer_d5dc46a2dffa42ccac66c53494de69ff": {
        "id": "AS_FlexContainer_d5dc46a2dffa42ccac66c53494de69ff",
        "type": "ACTION_SEQUENCE",
        "params": [{
            "datatype": "collection",
            "name": "eventobject"
        }],
        "actions": [{
            "id": "INVOKE_FUNCTION__ide_onClick_265efc65ae064e2ebc7ed3729fc2785b",
            "type": "INVOKE_FUNCTION",
            "sequenceKUID": "onPause",
            "display": "onPause",
            "inputparams": [{
                "name": "eventobject"
            }],
            "callbackType": null
        }]
    }
}