{
    "AS_Slider_6e378cc6035e49cdbf42cea92301c258": {
        "id": "AS_Slider_6e378cc6035e49cdbf42cea92301c258",
        "type": "ACTION_SEQUENCE",
        "params": [{
            "datatype": "collection",
            "name": "eventobject"
        }, {
            "datatype": "string",
            "name": "selectedvalue"
        }],
        "actions": [{
            "id": "INVOKE_FUNCTION__ide_onSelection_6bc78dfa63594d34bfafc046a4475259",
            "type": "INVOKE_FUNCTION",
            "sequenceKUID": "slide",
            "display": "slide",
            "inputparams": [],
            "callbackType": null
        }]
    }
}