{
    "AS_Video_3bb973611c8647e48cef6a2a9bf1ce03": {
        "id": "AS_Video_3bb973611c8647e48cef6a2a9bf1ce03",
        "type": "ACTION_SEQUENCE",
        "params": [{
            "datatype": "collection",
            "name": "eventobject"
        }],
        "actions": [{
            "id": "INVOKE_FUNCTION__ide_onPrepared_bae08fadac80431096715c222d461337",
            "type": "INVOKE_FUNCTION",
            "sequenceKUID": "frmVideoEvent_onprepared",
            "display": "frmVideoEvent_onprepared",
            "inputparams": [{
                "name": "eventobject"
            }],
            "callbackType": null
        }]
    }
}